<assembly>
	<id>assembly</id>
	<formats>
		<format>tar.gz</format>  <!-- 其他可选格式 gzip/zip/tar.gz/ -->
	</formats>
	<includeBaseDirectory>true</includeBaseDirectory>
	<dependencySets>
		<dependencySet>
			<outputDirectory>lib</outputDirectory>
			<excludes>
				<exclude>${project.groupId}:${project.artifactId}</exclude>
			</excludes>
		</dependencySet>
		<dependencySet>
			<includes>
				<include>${project.groupId}:${project.artifactId}</include>
			</includes>
			<outputDirectory></outputDirectory>
		</dependencySet>
	</dependencySets>
	<fileSets>
		<fileSet>
			<directory>src/main/scripts</directory>
			<outputDirectory></outputDirectory>
			<filtered>true</filtered>
			 <fileMode>0755</fileMode>
		</fileSet>

		<fileSet>
			<directory>src/main/resources</directory>
			<outputDirectory></outputDirectory>
			<filtered>true</filtered>
		 <fileMode>0755</fileMode>
			<excludes>
				<exclude>application-dev.properties</exclude>
			</excludes>
		</fileSet>

		<fileSet>
			<directory>src/main/assembly/${env}</directory>
			<outputDirectory></outputDirectory>
			<fileMode>0644</fileMode>
		</fileSet>

	</fileSets>
</assembly>