序号,项目阶段,模块,"关键字
(表名+问题)","问题描述
(详细报错代码)",优先级,问题类型,问题截图,提出人,跟进人,提出时间,完成时间,问题状态,问题原因,解决方案（记录提交脚本的版本号）,备注说明,补充截图1,补充截图2,补充截图3,补充截图4,补充截图5,补充截图6
2,系统开发,ods,开发规范,表名后缀为di 代表增量，现在SAP数据量不大考虑全量,,标准化,,@赵彦,@李朝中,2025/11/13,2025/11/13,已解决待复测,,,,,,,,,
3,系统开发,ods,开发规范,sap需要加字段注释，字段名需要小写,,标准化,,@赵彦,@蔡岸榕,2025/11/13,2025/11/13,已解决待复测,,,,,,,,,
4,系统开发,ods,员工与任职接口,新增字段，需要取原工号,,方案调整,,@许凯文,@饶嘉璇,2025/11/18,2025/11/19,已完成,,,,,,,,,
5,系统开发,ods,开发规范,"select TABLE_SCHEMA, TABLE_NAME, COLUMN_NAME,COLUMN_COMMENT
from information_schema.`columns` c where TABLE_SCHEMA in ('ods') and coalesce(trim(COLUMN_COMMENT),'') = '' and (TABLE_NAME like 'ods_sap_erp_%' or TABLE_NAME like 'ods_sap_bpc_%')
and TABLE_NAME not in ('ods_sap_erp_adcp_df','ods_sap_erp_usr21_df')
order by TABLE_NAME,ORDINAL_POSITION
检查表注释，sap里有的要加上",,标准化,,@刘洋,"@蔡岸榕
@谭程俊",2025/11/18,2025/12/9,已完成,"erp、bpc的字段描述需要补充完整
erp 谭工完成",,,,,,,,
6,系统开发,ods,开发规范,"select TABLE_SCHEMA, TABLE_NAME, COLUMN_NAME,COLUMN_COMMENT
from information_schema.`columns` c where TABLE_SCHEMA in ('ods') and coalesce(trim(COLUMN_COMMENT),'') = ''  and TABLE_NAME not like 'test%' and TABLE_NAME not like 'ods_sap_erp_%' and TABLE_NAME not like 'ods_sap_bpc_%'
order by TABLE_NAME,ORDINAL_POSITION
确认源系统字段是否有注释",,标准化,,@刘洋,"@蔡岸榕
@谭程俊
@赵彦
@熊",2025/11/18,2025/12/22,已完成,"bi--蔡工（完成）
eam--谭工（完成）
ehr--赵彦（完成）
hly--谭工（完成）
mes--蔡工（完成）
oa--李工（剩下字段，oa系统反馈确认没有字段描述）
plm--蔡工（完成）
srm--（完成）
wms--谭程俊（完成）",确认下视图的注释，自动创建SQL取不到,,,,,,,
7,系统开发,ods,新增开发项,"STKO
PA0001
ZTSD007
CSKS",,无,,@饶嘉璇,@谭程俊,2025/11/18,2025/11/18,已完成,,,,,,,,,
8,内部测试,ods,ehr 人员,"人员任职 ods_ehr_emp_recordinfo_di 取过来 customproperties字段全是空值，怀疑跟主键模型有关，可用于检查的员工：""userID"": 706276002  ""customProperties"": {""extygh_106340_414207025"": ""U9053400""",,数据收集,,@赵彦,@饶嘉璇,2025/11/19,2025/11/19,已完成,"跟主键模型无关
原因是之前ehr没有授权该字段
重新拉取后解析json字段到新列即可",,,,,,,,
9,系统开发,ods,qms,新增状态字段,,方案调整,,@许凯文,@谭程俊,2025/11/19,2025/11/19,已完成,,,,,,,,,
10,系统开发,ods,ehr任务流,看看报错原因,,开发问题,,@饶嘉璇,@赵彦,2025/11/19,2025/11/20,已完成,测试员工时，去掉了组织和岗位的连接（见补充截图1）。运行时需要右键，选择“从此节点开始执行”见补充截图2,,,,,,,,
11,系统开发,ods,任务,"批量检查下
sap-erp 抽取数据统一限制过滤条件：MANDT='800'或CLIENT='800'
sap-bpc 抽取数据统一限制过滤条件：MANDT='700'或CLIENT='700'",,数据收集,,@饶嘉璇,@谭程俊,2025/11/24,2025/11/24,已完成,,,,,,,,,
12,系统开发,ods,任务,"批量检查下
sap-erp 抽取数据统一限制过滤条件：MANDT='800'或CLIENT='800'
sap-bpc 抽取数据统一限制过滤条件：MANDT='700'或CLIENT='700'",,数据收集,,@饶嘉璇,@蔡岸榕,2025/11/24,2025/12/18,已解决待复测,,,,,,,,,
13,方案设计,dwd,ods_plm_物料主数据,"1、待更新字段编码@刘洋
2、待跟生压确认采购信息记录分类来源表@邵炜杰，已确认EINE
3、物料带工厂问题：是否要区分一个单纯的物料表？当前情况：目前别的模块用不到工厂。基准价模块用到物料时，都会判断工厂@刘洋。（无需区分，物料表就直接用plm物料主数据信息）
4、确认物料+工厂是否一定会对应到物料采购类型、采购信息记录分类（正常是不会为空，有的话算异常）
5、plm和sap两张表的关联关系
6、确认同一个工厂+物料，是否有可能多种采购类型、采购信息记录分类（物料主数据工厂视图，一个时刻只会有一个采购类型+特殊采购类存在；业务单据可以存在多个）
7、确认下plm的物料可否带工厂（不带工厂，plm也是从映射表匹配）",,方案调整,,@刘洋,@邵炜杰,2025/11/24,2025/11/24,已完成,,"取消工厂、采购类型、采购信息记录分类字段，该模型不取sap数，改为直接从plm取数

关于上述三个字段的取值，直接使用SAP同步的材料价格表中信息，不进行其他关联",,,,,,,
14,方案设计,dim,dim_产品信息维表,2、补充模型的字段编码@刘洋,,无,,@刘洋,@刘洋,2025/11/24,2025/11/24,已完成,,,,,,,,,
15,系统开发,ods,任务流DT_SYNC_006,"任务流DT_SYNC_006日志任务流执行编号836（参数设置了JVM 内存参数4g、maxBatchRows、Connection、concurrency、sslVerify、channel 4）等，实测JVM生效，maxBatchSize、maxBatchRows生效，但DataX HTTPReader 低版本并发参数（concurrency/connection/sslVerify/channel）全部失效而且speed设置流量速度控制""byte"", ""record""参数会导致任务直接报错，且仅单线程读取 [0-0-0-reader] ，ssl false还每页重复打印 “创建禁用 ssl 验证客户端”占用流量，按测试速度如果10 万行同步耗时将接近1 小时；单页耗时26~38 秒，采集要支持并发，按页分片",,系统问题,,@谭程俊,@刘洋,2025/11/26,2025/11/27,已解决待复测,,httpreader不设并发键，不支持自动分片并发，需要并发可以手动拆分成多个任务提交。中台hdsp数据同步任务并非基于标准datax，包括读取和写入的插件均属于二开产品，关于支持的参数应当参考hone配置界面参数所支持的配置，并非完全兼容datax的所有参数。关于日志打印，属于常规的日志采集任务，便于后续的运维人员排查问题，如有需要，也可联系研发来取消对应位置的日志打印采集。,谭：日志不需要清理，看能不能通过升级版本改进,,,,,,
16,系统开发,ods,OA表更改,"1、oa原来取表的任务，改成取视图
相应的后台表名、任务名同步重命名更新下
（范围：用户表、角色表、用户角色关联表）
2、补充这三张表的字段描述",,方案调整,,@饶嘉璇,@李朝中,2025/11/26,,已完成,,,,,,,,,
17,系统开发,文档,完善集成清单,参考图中plm的示例，从上往下，补充已入湖的ods表信息,,标准化,,@饶嘉璇,@谭程俊,2025/11/26,2025/12/2,已解决待复测,,,,,,,,,
18,系统开发,文档,完善集成清单,参考图中plm的示例，从下往上，补充已入湖的ods表信息,,标准化,,@饶嘉璇,@李朝中,2025/11/26,,已解决待复测,,,,,,,,,
19,系统开发,文档,完善模型清单,完善下已开发的数仓模型目录信息页,,标准化,,@饶嘉璇,@谭程俊,2025/11/26,2025/11/26,已完成,,,,,,,,,
20,系统开发,ods,任务流,PLM、SAP-ERP、SAP-BPC 需要根据集成清单，确认任务范围,高,,,@赵彦,@谭程俊,2025/11/26,2025/11/26,已完成,,,,,,,,,
21,系统开发,ods,任务流,OA、WMS、MES、EAM、QMS、SRM、BI,高,,,@赵彦,@李朝中,2025/11/26,2025/11/26,已完成,,,,,,,,,
22,系统开发,ods,迁移、挂调度,"1、迁移任务流，只迁移ods_all，参考文档【发布版】技术开发-数仓开发指导手册 
2、在ods_all任务流上挂调度：每天凌晨1点",高,,,@赵彦,@谭程俊,2025/11/26,2025/11/30,已解决待复测,,,,,,,,,
23,系统开发,ods,迁移,"1、迁移下ods层任务
SAP-ERP的：ZTMDTAB；VBPA；pa0001,ztsd007这四个表
2、迁移后跑下全量数据",高,,,@许凯文,@谭程俊,2025/11/26,2025/11/26,已完成,,,,,,,,,
24,系统开发,ods,任务&表,命名带上系统,中,标准化,,@饶嘉璇,@谭程俊,2025/11/27,2025/11/27,已完成,,,,,,,,,
25,系统开发,ods,qms表更改,ods_qms_view_user_df正式环境的这张表缺少ACU_Valid字段，测试环境里面是有这个字段的,高,,,@郑日天,@谭程俊@李朝中,2025/11/27,,已完成,,,,,,,,,
26,系统开发,ods,sap_erp缺少表单,正式环境缺少这张表ods_sap_erp_usr02_df,高,,,@郑日天,@赵彦,2025/11/27,2025/11/27,已完成,,,,,,,,,
27,系统开发,ods,缺失数据,汇率表只有一条数据ods_sap_erp_tcurr_df,高,开发问题,,@陈迎颖,@李朝中,2025/11/27,,已完成,,,,,,,,,
28,系统开发,ods,主键模型,sap、bpc的所有表，主键的指定要跟源系统的保持一致，批量检查后重跑下,高,开发问题,,@饶嘉璇,@李朝中,2025/11/27,,已解决待复测,bpc未分配,,,,,,,,
29,系统开发,ods,迁移表单,正式环境需要这张表ods_sap_erp_pa0002_df，迁移相关任务，并运行,高,,,@郑日天,@谭程俊,2025/11/27,2025/11/27,已完成,,,,,,,,,
30,系统开发,ods,模型设计,补充汇联易接口模型设计（对公支付单明细报表、费用明细台账）,低,,,@饶嘉璇,@谭程俊,2025/11/28,2025/12/2,已解决待复测,,,,,,,,,
31,系统开发,ods,任务&表,待基准价模块设计所有内容输出后，确认下取物料价格底表的任务是否还需保留（已换成取RFC）,,,,@饶嘉璇,@邵炜杰,2025/11/28,,未开始,,,,,,,,,
32,系统开发,ods,表,"ods_sap_erp_zhone_text_get_vbbk_di
换主键模型，主键字段为(vbeln,tdid)",高,,,@饶嘉璇,@谭程俊,2025/11/28,2025/12/1,已解决待复测,,,,,,,,,
33,系统开发,ods,变量统一,"1、后续统一使用任务的内置参数
 '${_p_current_date_time:-10:day:yyyy-MM-dd} 00:00:00'
2、导入前：不用delete，换成主键模型，来源不会有删除情况",低,标准化,,@饶嘉璇,@谭程俊,2025/11/28,2025/12/1,已完成,,,,,,,,,
34,系统开发,ods,数据校验,"ods_sap_单位换算系数有极端数值是有业务场景吗？,zhsxs精度要重新调整，部分有数的数据被截取：SELECT meinh_f, meinh_t, umrez, umren, umrez/umren AS calculated_factor, zhsxs
FROM ods.ods_sap_erp_zhone_unit_conversion_get_df
WHERE umren = 0 OR umrez/umren > 1000 OR umrez/umren < 0.001; ",中,开发问题,,@谭程俊,@饶嘉璇,2025/12/3,2025/12/3,已解决待复测,"极端大/小换算系数是正常业务场景；
目前这类单位在sap并未用到。",,,,,,,,
35,系统开发,dwd,数据逻辑,dwd_物料单位换算系数表的字段conv_denotor换算分母改了？SAP里mara没有UMREN这个字段，marm才有,中,开发问题,,@谭程俊,@邵炜杰,2025/12/3,2025/12/3,已完成,SAP提供逻辑时标错字段,UMREN来源表更新成marm,,,,,,,
36,系统开发,ods,bom单位转换相关,"1.1、plm_bom_item数据中包含组件单位为空的数据，逻辑上是否需要考虑该业务场景
1.2、plm_bom_item数据中的单位，为大小写混合，通用单位转换、物料单位转换都无小写单位，考虑来源系统数据质量问题
select distinct product_number,unit,default_unit from ods.ods_plm_bom_item_df
2、《dwd_物料单位换算系数》中，基本单位不等于目标单位，数据量为170条，基本单位=目标单位，数据量为50w+。《dwd_报价BOM生成》引用该表时，是否先加个筛选条件
select distinct mat_code,basic_unit,target_unit,conv_factor from dwd.dwd_fin_material_unit_conversion_factor_df
where basic_unit <>target_unit 
order by mat_code

待明天跟SAP过下",中,源系统问题,,@饶嘉璇,@邵炜杰,2025/12/4,,进行中,新增筛选条件,"1.1. 组件单位为空的数据都是0层成品，即最终物料，是正确的
SELECT * FROM ods_plm_bom_item_df
WHERE stage ='SmallBatchTrialProductionPassed' 
AND unit = ''
AND part_level <>0
1.2. 当前plm中单位多为小写；sap中单位多为全大写，数据规范问题，要求源系统进行优化。
2. 排除以下条件数据：
两个单位相同或任意单位缺失，则排除
mara.MEINS=marm.MEINH
或mara.MEINS=''
或marm.MEINH=''",,,,,,,
37,系统开发,ods,dwd_物料单位换算系数,"增加筛选条件
重新运行接口",中,方案调整,,@邵炜杰,@谭程俊,2025/12/4,2025/12/4,已完成,加了就剩下172条数据了，另外spras = '1'没有zh@邵炜杰,,,,,,,,
38,系统开发,ods,字段精度,同步工具的字段校验规则是否未启用，采集数据超长 / 超精度数据目前没主动报错，导致字符串和数值类内容会自动截取，数据失真,中,,,@谭程俊,@刘洋,2025/12/4,2025/12/4,已取消,,,,,,,,,
39,系统开发,ods,ods_plm_标准BOM,增加筛选条件,低,方案调整,,@邵炜杰,@谭程俊,2025/12/4,2025/12/4,已完成,,,,,,,,,
40,系统开发,dwd,dwd_报价BOM生成,调整字段计算逻辑，取消部分字段,中,方案调整,,@邵炜杰,@谭程俊,2025/12/5,2025/12/12,已完成,当前方案委外金额为0,,,,,,,,
41,系统开发,系统,starrocks库（版本： 3.3.19）计算引擎,"1、存在cte表达式sql查询结果与处理逻辑不一致
2、同一cte查询多次执行结果不一样",高,系统问题,,@李朝中,@刘洋,2025/12/5,,已完成,,"https://github.com/StarRocks/starrocks/pull/66441
可以 set global enable_group_execution=false;",,,,,,,
42,系统开发,dwd,委外金额,委外金额当前逻辑没数，经查SAP 表中符合esokz='3' AND sobsl='30'的委外记录，工厂（werks）只有 2020；但组件行（非 0 级）的工厂（factory_code）是 B010/1010，两者无交集，导致即使mat_code、esokz等条件匹配，也因工厂不一致关联失败，最终委外金额为 0。,中,"方案调整,开发问题",,@谭程俊,@邵炜杰,2025/12/8,,未开始,,,,,,,,,
43,系统开发,ods,MES系统缺少表单数据,正式环境MES系统三套数据源，账号清单只有大亚湾显示屏OrBitEFXSP的，缺少另外两个表OrBitEFXSP_NC和OrBitEFZM,高,方案调整,,@郑日天,@李朝中,2025/12/8,2025/12/10,已完成,,"1、重新设定四个数据源（MES），见补充截图1。若网络不通，找蔡工辅助
2、修改之前开发的表&任务&任务流，重新抽取数据，见补充截图2。若来源表无权限，找蔡工辅助。
3、迁移至生产环境，删掉冗余的表、任务、任务流",,,,,,,
44,系统开发,系统,元数据与血缘,元数据采集是否生效，元数据是血缘关系的基础，确保经工作流流转的表字段都有血缘；采集元数据怎么配置生效，dwd/dim的表没看见血缘,中,系统问题,,@谭程俊,@刘洋,2025/12/9,,进行中,报错是因为没有mysql_default这个数据源，具体哪个表没有血缘，可以列出来，具体分析原因;@刘洋,,,,,,,,
45,系统开发,系统,udf,udf功能官方支持，平台显示不支持https://docs.mirrorship.cn/zh/docs/3.3/sql-reference/sql-functions/JAVA_UDF/    ;https://docs.mirrorship.cn/zh/docs/3.3/sql-reference/sql-statements/Function/CREATE_FUNCTION/,低,系统问题,,@谭程俊,@刘洋,2025/12/10,,未开始,,,,,,,,,
46,系统开发,系统,datax,sapjco3.jar:20140416 0119 [3.0.11 (2014-04-15)] 是 SAP JCo 3.0.11 版本（发布于 2014 年 4 月)10年前的版本，建议升级符合平台环境的最近稳定版,低,系统问题,,@谭程俊,@刘洋,2025/12/12,,未开始,,,,,,,,,
47,系统开发,dwd,dwd_外协成品计算,"修改引用到dim_product_info_df.pci_bom_code字段
由pci_std_bom_code改为pci_bom_code",高,功能调整,,@邵炜杰,@谭程俊,2025/12/12,2025/12/22,已解决待复测,,,,,,,,,
48,系统开发,dwd,dwd_报价BOM生成模型,"修改引用到dim_product_info_df.pci_bom_code字段
由pci_std_bom_code改为pci_bom_code
表名更新",高,功能调整,,@邵炜杰,@谭程俊,2025/12/12,2025/12/22,已完成,,,,,,,,,
49,系统开发,dim,dim_产品维表,"修改引用到dim_product_info_df.pci_bom_code字段
由pci_std_bom_code改为pci_bom_code
表名更新",高,功能调整,,@邵炜杰,@谭程俊,2025/12/12,2025/12/22,已完成,,,,,,,,,
50,系统开发,系统,TCURR,TCURR表，gdatu字段值跟SAP系统不一致，详见补充截图1,高,开发问题,,@饶嘉璇,@李朝中,2025/12/12,,已解决待复测,SAP逆算日期机制问题,"若sap源数据采集过程，日期格式数据，遇到逆算日期问题： 逆算日期 = 99999999 - YYYYMMDD，如99999999 - 20010101 = 79799168 做实际存储日期，可以在数据同步时做下转换处理：DATE(TO_DATE(CHAR((99999999 - CAST(GDATU AS INTEGER))), 'YYYYMMDD'))",,,,,,,
51,系统开发,dwd,dwd_外协成品计算,外协成本计算，新增取数表、修改筛选逻辑、新增字段、删除物料数量字段,高,方案调整,,@邵炜杰,@谭程俊,2025/12/15,2025/12/22,已解决待复测,,,,,,,,,
52,系统开发,系统,TCURR,TCURF表，gdatu字段值跟SAP系统不一致,高,开发问题,,@谭程俊,@谭程俊,2025/12/15,2025/12/15,已解决待复测,SAP逆算日期机制问题,同50行问题,,,,,,,
53,系统开发,ods,"预算费用科目维
预算实体维度","表名、任务名调整下
加上RFC名
ods_sap_bpc_zhone_get_dimension_attribute_u_entity_df
ods_sap_bpc_zhone_get_dimension_attribute_u_account_df",中,标准化,,@饶嘉璇,@蔡岸榕,2025/12/15,,已解决待复测,,,,,,,,,
54,系统开发,dwd,模型需求问题,"【ods_sap_物料价格】
1、提供工厂参数信息，固定值：1010;2020;1050;B010。工厂写s问题，待讨论是否通过配置表或者其它数据表去捕获。（确认，取《ods_hone_制造工厂映射.采购组织编码》ods_hone_manu_factory_mapping_df.purchase_org_code，将值用英文逗号拼接起来）
2、确认采购组织取优先级：特殊物料必须通过1010海外采购
【dwd_产品成本计算参数】
1.填报的数据谁来填-成本工程师(损耗、制费)计划部（供货比例）
2、待确认按pci_code还是offerring填制（offerring，填报库先将损耗、制费、供货比例表建好
3、ods_sap_erp_t001w_df 工厂/分支机构表不存在factory_code，关联条件待确认（已换成werks）
【dwd_物料价格计算】
1、提供工厂参数信息（1010、2020、1050、B010）工厂写s问题，待讨论是否通过配置表或者其它数据表去捕获。（配置表
2、待确认RFC入参问题（产研已升级驱动，允许表形式入参）
3、确认采购组织取优先级：特殊物料必须通过1010海外采购
4、确认sap汇率转换逻辑，新增汇率表
【ods_srm_物料预估价格】
1、本周与SRM沟通并确认字段及接口方式（我们提供底表，srm推送数据
2、五个价格为空的时候，要告诉srm补充物料价格，需要包含产品系列等信息，触发节点可能需要后置（我们主动推送
【dwd_价格缺失物料信息】
1.、确认标品是否需要对应到产品系列、产品线，当前物料对应不到pci产品。
2. 定制品相关信息需确认（虚拟物料信息谁来提供暂无反馈）@邵炜杰
3、 中台推送底表至SRM
【dwd_替代情况生成结果表】
1、为什么不加工厂编码？(替代规则中，物料的替代是不区分工厂的
【dm_最高测算成本展示表】
1、PCI-BOM编码和PCI-标准BOM编码是同一个吗？（是的，已调整",,需求确认,,@饶嘉璇,@邵炜杰,2025/12/16,2025/12/16,已完成,,,,,,,,,
55,系统开发,ods,补充字段描述,"数据字典
1、ods_sap_erp_ztfi057_df：所有字段
2、ods_sap_bpc_user_addr_df：idadtype
3、ods_sap_bpc_uje_team_agr_df：所有字段
4、ods_plm_membershiplink_df
5、ods_plm_wtgroup_df
6、ods_plm_wtpart_df
7、ods_plm_wtpartmaster_df
8、ods_plm_wtpartusagelink_df
9、ods_plm_wtuser_df",,标准化,,@饶嘉璇,@蔡岸榕,2025/12/16,2025/12/19,已解决待复测,,,,,,,,,
56,系统开发,ods,更新表编码,1、更新模型设计中，所有用到《ods_aps_替代规则》的表编码,,方案调整,,@饶嘉璇,@李朝中,2025/12/16,,已解决待复测,,,,,,,,,
57,系统开发,ods,补充字段描述,"数据字典
1、ods_sap_erp_vbrp_df：perop_beg有字段描述，确认下有没有描述错位的情况
2、ods_sap_erp_vbrk_df：补充nrzas字段描述
3、ods_sap_erp_vbkd_df：补充perop_beg、perop_end
4、ods_sap_erp_vbap_df：ferc_ind
5、ods_sap_erp_vbak_df：zproduct、psm_budat
6、ods_sap_erp_kna1_df：zdate",,标准化,,@饶嘉璇,@李朝中,2025/12/16,,已解决待复测,源系统没有相关字段中文注释,,,,,,,,
58,系统开发,ods,清理任务,"待上线前处理
1、移除状态为【暂时用不到】的任务
2、点击提交ods_all并迁移至生产",,数据收集,,@饶嘉璇,,2025/12/16,,未开始,,,,,,,,,
59,系统开发,ods,入湖负责人,"数据集成清单
1、源系统抽取条件：与任务中一致，若有筛选条件需补充加上
2、同步父任务流：若该任务已包含到父任务流（直接），则补充上
注意：许凯文、郑日天的任务，需包含到相应父任务流并提交，最后迁移到生产，提交并运行

可参考，筛选入湖负责人：饶嘉璇",低,标准化,,@饶嘉璇,@蔡岸榕,2025/12/16,,暂挂,,,,,,,,,
60,系统开发,ods,入湖负责人,"数据集成清单
1、源系统抽取条件：与任务中一致，若有筛选条件需补充加上
2、同步父任务流：若该任务已包含到父任务流（直接），则补充上
注意：许凯文、郑日天的任务，需包含到相应父任务流并提交，最后迁移到生产，提交并运行

可参考，筛选入湖负责人：饶嘉璇",低,标准化,,@饶嘉璇,@李朝中,2025/12/16,,暂挂,,,,,,,,,
61,系统开发,ods,入湖负责人,"数据集成清单
1、源系统抽取条件：与任务中一致，若有筛选条件需补充加上
2、同步父任务流：若该任务已包含到父任务流（直接），则补充上
注意：许凯文、郑日天的任务，需包含到相应父任务流并提交，最后迁移到生产，提交并运行

可参考，筛选入湖负责人：饶嘉璇",低,标准化,,@饶嘉璇,@谭程俊,2025/12/16,,暂挂,,,,,,,,,
62,系统开发,ods,优化,"数据集成
1、SAP-ERP：交货单抬头长文本",低,优化项,,@饶嘉璇,@刘洋,2025/12/16,,未开始,,,,,,,,,
63,系统开发,ods,优化,"数据集成改造，加上读取配置表
SAP-ERP：物料价格",中,方案调整,,@饶嘉璇,@赵彦,2025/12/17,2025/12/17,已解决待复测,,,,,,,,,
64,系统开发,ods,模型需求问题,"【dim_汇率】
1、SAP--汇率问题待决策，取年月，还是按起始日期--汇率维度确认每日更新保留一版当日汇率，从而可以直接用日期匹配
2、出货金额相关字段，原来按什么日期取汇率：【订单审批日期】--确认按订单审批日期
3、期末汇率PEND还是用平均汇率M--汇率维度取进来PEMD\M\EURX三种类型汇率",高,需求确认,,@刘洋,@吴美琪,2025/12/17,2025/12/17,已完成,,,,,,,,,
65,系统开发,ods,修改字段类型,RFC获取表ZHONE_GET_KONV_SO，字段全是varchar，需要对比SAP更新字段类型重建表，并抽数,高,开发问题,,@赵彦,@蔡岸榕,2025/12/18,,已解决待复测,,,,,,,,,
66,系统开发,dm,新增字段,dm_最高测算成本展示表，新增产品面积字段,高,方案调整,,@邵炜杰,@谭程俊,2025/12/19,2025/12/22,已完成,,,,,,,,,
67,系统开发,ods,主键为空,"根据陈海棠回答，汇联易两个接口，唯一识别字段问题：
一、对公支付单明细报表（CorpExpDetailReport）(主键和答复一致)
陈回复：唯一识别字段组合为 <账套code + 单据单号 + 记录ID>，与沟通确认一致，字段对应关系：
 账套code：setOfBooksCode（必填参数，唯一标识账套）
 单据单号：businessCode（文档明确为“单据单号”，唯一标识单张单据）
 记录ID：integrationId（文档标注为“记录ID”，唯一标识单条明细记录）
 
二、费用明细报表（ExpenseDetailsReport）(实际数据不可用)
陈回复：唯一识别字段组合为 <账套id + 记录ID + 对应的申请单 + 关联报销单号>，字段对应关系：
 账套id：setOfBooksId（参数明确为“账套id”，唯一标识账套）
 记录ID：integrationId（文档标注为“记录ID”，唯一标识单条费用明细）
 对应的申请单：appBusinessCode（文档描述为“对应的申请单”，关联申请单唯一标识）问题：这个实际数据会有空值如图，无法做主键，只能用另外3个
 关联报销单号：businessCode（文档明确为“关联报销单号”，唯一标识关联的报销单）
 建议：数据来看，两个接口的“记录ID”均为 integrationId，是单条明细的核心唯一标识；费用明细报表也可以用：setOfBooksId（账套 id） + businessCode（关联报销单号） + integrationId（记录 ID）",中,开发问题,,@谭程俊,@饶嘉璇,2025/12/19,,已解决待复测,,,,,,,,,
68,系统开发,dwd,筛选逻辑变更,外购成品的筛选逻辑变更,,方案调整,,@邵炜杰,@谭程俊,2025/12/19,2025/12/22,已解决待复测,,,,,,,,,
69,系统开发,dwd,dwd_报价BOM生成,三级分类的 字段编码由 three_level_class调整为 three_lv_class,,方案调整,,@饶嘉璇,@谭程俊,2025/12/19,2025/12/19,已解决待复测,,,,,,,,,
70,系统开发,ods,ods_srm_物料预估价格,字段描述更新,,功能调整,,@邵炜杰,@刘洋,2025/12/19,,已解决待复测,,,,,,,,,
71,系统开发,dim,dim_科目维,科目维值取值范围扩大，以及科目类型名称逻辑补充,,方案调整,,@吴美琪,@李朝中,2025/12/19,,已完成,科目维值取值范围扩大后，科目类型名称无法映射的怎么处理？目前默认给null,,,,,,,,
72,系统开发,dwd,dwd_报价BOM生成,委外金额的逻辑确认，计算的是物料委外加工费，工序的委外当前没有体现在标准产品中，关于物料委外的筛选条件有更新,,方案调整,,@邵炜杰,@谭程俊,2025/12/22,2025/12/22,已解决待复测,,,,,,,,,
73,系统开发,dwd,dwd_测算成本计算,新增Offering字段；取供货比例逻辑变更；测算成本中的委外加工费可以开发,,功能调整,,@邵炜杰,@谭程俊,2025/12/22,2025/12/23,已解决待复测,,,,,,,,,
74,系统开发,报表,制费率填报表,基线字段应该为只读，且需要通过行中的【产品系列】自动带出《制费率基线值填报表》中对应的制费基线值,,开发问题,,@邵炜杰,@蔡岸榕,2025/12/22,,已解决待复测,,,,,,,,,
75,系统开发,dim,修改表名称,dim_product_info_df表名称更改为：dim_PBI产品信息维表,,无,,@佘伟萍,@谭程俊,2025/12/22,2025/12/30,已完成,模型设计文档已修正,,,,,,,,
76,系统开发,dim,修改表名称,dim.dim_mat_item_df表名成修改为：dim_plm物料单位与分类信息,,无,,@佘伟萍,@谭程俊,2025/12/22,2025/12/30,已完成,模型设计文档已修正,,,,,,,,
77,系统开发,dwd,dwd_订单明细模型,订单明细模型删减了定价单位、定价类型字段，修改了订单货值_含税、订单货值_不含税、订单单价_含税、订单单价_不含税字段逻辑,,源系统问题,,@吴美琪,@谭程俊,2025/12/22,2025/12/24,已完成,模型设计文档已修正,,,,,,,,
78,系统开发,系统开发,dwd_外协成品计算,新增Offering字段，表关联条件更新,,功能调整,,@邵炜杰,@谭程俊,2025/12/22,2025/12/23,已解决待复测,,,,,,,,,
79,系统开发,dwd,dwd_订单明细模型,由于订单抛转关系查询使用频率较高，因此新增了订单抛转关系表，dwd_订单明细模型表的字段逻辑改去该表,,方案调整,,@吴美琪,@谭程俊,2025/12/22,2025/12/23,已完成,模型设计文档已修正,,,,,,,,
80,系统开发,dwd,dwd_订单明细模型,客戶对订单分析维度新增了贸易条款方式和是否验收，因此在模型新增了两个字段,,用户变更,,@吴美琪,@谭程俊,2025/12/22,2025/12/23,已完成,模型设计文档已修正,,,,,,,,
81,系统开发,ods,SAP价格取数,查询ods_sap_erp_zhone_mat_purchase_price_get_df后，发现只有1010工厂，应该要根据映射表取1010、B010、1050、2020,,功能调整,,@邵炜杰,@饶嘉璇,2025/12/24,2025/12/24,已完成,将变量获取的SQL改为json格式,"select 
       replace(concat('[',group_concat(json_object('ZSWERKS', purchase_org_code)),']'),'""','\\""')  as p_purchase_org_code -- 采购组织编码
from ods.ods_hone_manu_factory_mapping_df",,,,,,,
82,系统开发,报表,制费率基线值填报表,填写另一个分类时报错,高,开发问题,,@邵炜杰,@蔡岸榕,2025/12/24,,已解决待复测,,,,,,,,,
83,系统开发,ods,用户表增添字段,SRM、HLY、PLM、MES、WMS、QMS、SAP-ERP、SAP-BPC系统的用户表增添账号类型字段，需要抽取该字段,,无,,@郑日天,@赵彦,2025/12/24,,已完成,,,,,,,,,
84,系统开发,报表,制费率基线值填报表,之前物理表名错误，已更正,高,标准化,,@邵炜杰,@蔡岸榕,2025/12/24,,已解决待复测,,,,,,,,,
85,系统开发,ods,有数查不出,"select * from ods.ods_sap_erp_vbak_df where vbeln='0000000004'，要加set global enable_group_execution=false;
才有数",,系统问题,,@谭程俊,@刘洋,2025/12/25,,已解决待复测,复现不了,,,,,,,,
86,系统开发,dim,dim_汇率,"新增初始化任务，从2022年至今
全量：从2020年至今，每天取时间范围内的汇率
增量：每天存取近10天的汇率
建议考虑关联dim_日期表

罗列开发复核点到《开发指导手册》",,优化项,,@饶嘉璇,"@李朝中
@刘洋
@吴美琪",2025/12/26,2025/12/29,已完成,,,,,,,,,
87,系统开发,dim,dim_PBI产品信息维,表中新增【产品类型】字段，用于产品的判断,,方案调整,,@邵炜杰,@饶嘉璇,2025/12/26,2025/12/26,已解决待复测,"ALTER TABLE dim.dim_product_info_df 
ADD COLUMN product_mcm_type varchar(100) COMMENT '产品类型（模组整机）' AFTER product_series_name",,,,,,,,
88,系统开发,报表,制费率填报表,"于12月25日确认，因为会存在某个PCI的材料成本过高，需要针对该PCI调整制费率的情况，不能仅按照Offering来设置维护颗粒度。
新增字段【PCI-BOM编码】【PCI描述】【PCI编码】
新增筛选器【产品线】【产品族】及对应筛选器级联关系",高,方案调整,,@邵炜杰,@蔡岸榕,2025/12/26,2026/1/4,已解决待复测,,,,,,,,,
89,系统开发,报表,损耗率填报表,与制费率填报表调整内容一致,高,方案调整,,@邵炜杰,@蔡岸榕,2025/12/26,2026/1/4,已解决待复测,,,,,,,,,
90,系统开发,dwd,dwd_价格缺失物料信息,SRM采购要求取最高金额，不再按照工厂区分币种和最小采购数量以及MOQ,,方案调整,,@邵炜杰,@谭程俊,2025/12/26,2025/12/26,已完成,,,,,,,,,
91,内部测试,ods,标准BOM取数,ODS表中没有查到2020的数据，但PLM反馈有数,,开发问题,,@邵炜杰,@饶嘉璇,2025/12/29,2025/12/29,已完成,2020不存在满足筛选条件的数据,修改设计文档的筛选条件,,,,,,,
92,系统开发,ods,标准BOM取数,筛选条件更新,,需求确认,,@邵炜杰,@谭程俊,2025/12/29,2025/12/29,已完成,,,,,,,,,
93,内部测试,dwd,数据量不一致,"dwd_co_quotation_bom_df表中台跑数任务数据量与表内数据量不一致（表内254,942条数据，中台348622条数据）",,开发问题,,@郑日天,@谭程俊,2025/12/29,2025/12/31,已完成,之前加了分区字段，暂时删除，待确定后统一加,,,,,,,,
94,内部测试,ods,数据翻倍,"ods_sap_bpc_zhone_get_model_data_02_u_002_b00_di与源系统数据相比，数据翻倍
测试数据：
SELECT *
FROM ods.ods_sap_bpc_zhone_get_model_data_02_u_002_b00_di a
WHERE 1=1
AND a.u_project ='NOPROJECT'
AND a.u_account like '%8001010000'
AND a.u_category = 'B00'
AND a.u_currency = 'CNY'
AND a.u_customer = 'CS_NONE'
AND a.u_entity  LIKE '%Y000000038_Total%'
AND a.u_material = 'M_NONE'
AND a.u_misc1 = 'MISC1_NONE'
AND a.u_misc2 = 'MISC2_NONE'
AND a.u_product = 'PROD_NONE'
AND a.u_spare1 = 'SP1_NONE'
AND a.u_spare2 = 'SP2_NONE'
AND a.u_time = '2025.01'
目前系统数为17377866 BPC为8688933",高,源系统问题,,@陈迎颖,"@饶嘉璇
刘飞虎",2025/12/29,2025/12/29,已完成,目前定位是RFC跑出来就是double的，定位到是由于配置表中已经配置过版本B00，入参也加了版本B00，导致数据翻倍。,生压已删除配置表中的版本值，通过入参读取。重新运行即可。,,,,,,,
95,内部测试,dwd,数据异常,dwd_co_alt_gen_model_df表替代情况生成结果表只有12条（SQL表可能不正确）,,方案调整,,@郑日天,@李朝中,2025/12/29,2025/12/30,已完成,开发阶段源表没有数据，测试表已替换为源表,,,,,,,,
96,系统开发,ods,字段修改,dwd_替代情况生成结果表增加四个字段，用于帆软报表筛选,,方案调整,,@邵炜杰,@李朝中,2025/12/30,,已完成,,,,,,,,,
97,系统开发,dwd,表单修改,dwd_各系统用户展示表的【账号类型】字段逻辑修改完成（各系统已经完成改造，增添了账号类型字段，目前一部分系统直接从数据库取数，一部分从中台填报表取数，之前该字段为置空），可以继续该表的开发（前端finereport也需要填报表的制作）,,方案调整,,@郑日天,@谭程俊,2025/12/30,2025/12/30,已完成,"谭：据提出人回复acct_type字段：sap_erp 系统只有6个数这个要查原因，另外目前的情况是BI、PLM、OA、EAM没数是正常的，还没定；sql-(SELECT
     sys_code,acct_type,
    COUNT(*) AS user_count
FROM dwd.dwd_hr_sys_user_display_df
GROUP BY sys_code,acct_type
ORDER BY sys_code;)",,,,,,,,
98,内部测试,ods,PLM提供生产数据,将生产环境底表数据同步至测试环境,,源系统数据质量,,@邵炜杰,@饶嘉璇,2025/12/30,2025/12/30,已完成,"SELECT x.* FROM plm.plm_bom_item x
WHERE factory_code ='2020'",,,,,,,,
99,系统开发,ods,数据采集,dwd_会计凭证明细表开发要开通下sap-erp的BKPF的表数据采集权限,低,开发问题,,@谭程俊,"@熊生压
@吴美琪",2025/12/30,2026/1/4,已完成,,,,,,,,,
100,内部测试,dwd,数据缺漏,dwd_co_alt_gen_model_df只有549条数据，缺少一个pci_bom_code（只有三个pci_bom_code）,,"方案调整,开发问题",,@郑日天,@李朝中,2025/12/30,,已完成,,,,,,,,,
101,内部测试,dwd,模型修改,dwd_报价BOM生成表，将该表字段【项目编号】【直接父层编码】也设置为主键（原先有三个主键，现在增设两个）,高,设计未考虑全面,,@郑日天,@谭程俊,2025/12/31,2025/12/31,已完成,,,,,,,,,
102,系统开发,dwd,模型修改,"dwd_单层BOM替换明细
dwd_产品单位成本计算
dwd_产品单位成本计算-分销模组
dwd_外协成品计算
dwd_测算成本计算
dws_测算成本计算汇总
dm_最高测算成本展示表
dwd_Spart价格计算
这些表增设了筛选条件（已标黄），来源表的dt字段筛选最新日期",,方案调整,,@郑日天,@刘洋,2025/12/31,,已取消,后续新增一套历史表,,,,,,,,
103,方案设计,dwd,模型问题,关注下dwd_会计凭证明细表模型的评论提的问题,中,方案调整,,@谭程俊,@吴美琪,2025/12/31,,已解决待复测,,,,,,,,,
104,系统开发,ods,调度,日常调度运行失败，导致内存溢出，error:master does not exist,高,调度相关,,@饶嘉璇,@饶嘉璇,2025/12/31,2025/12/31,已完成,,"原因是sap-erp任务，同时运行数据量大的，导致内存溢出
超过50万数据量的任务，考虑串行
参考左图",,,,,,,
105,内部测试,dim,维度测试,dim_公司维缺失海外公司,高,无,,@吴美琪,@谭程俊,2025/12/31,2025/12/31,已完成,,,,,,,,,
106,内部测试,dws,模型修改,dwd_接单业绩模型过滤不在公司维（非全融合公司）的公司代码相关订单,高,方案调整,,@吴美琪,@谭程俊,2025/12/31,2025/12/31,已完成,,,,,,,,,
107,内部测试,dwd,数据错误,dwd_报价BOM生成表【组件数量（基本计量单位）】和【组件数量（CUn）（基本计量单位）】这两个字段的逻辑没有计算结果。即表bom中【组件单位】与【基本计量单位】不一致的情况下，当2.1不成立的逻辑没有发生换算,高,开发问题,,@郑日天,@谭程俊,2025/12/31,2025/12/31,已完成,,,,,,,,,
108,内部测试,dwd,模型修改,公式更改,高,功能调整,,@邵炜杰,@李朝中,2025/12/31,,已完成,,,,,,,,,
109,内部测试,dwd,换算单位缺失,"WITH missing_conv AS (
                SELECT 
                    bom.part_number as mat_code,
                    bom.unit as comp_unit,
                    bom.default_unit as base_unit,
                    COUNT(*) as occurrence
                FROM ods.ods_plm_bom_item_df bom
                -- 1. Left Join Material Specific
                LEFT JOIN dwd.dwd_co_material_unit_conversion_factor_df mconv
                    ON bom.part_number = mconv.mat_code
                    AND bom.unit = mconv.target_unit
                    AND bom.default_unit = mconv.basic_unit
                -- 2. Left Join Global (Approximation without full CTE logic for speed)
                LEFT JOIN (
                    SELECT DISTINCT meinh_f, meinh_t FROM ods.ods_sap_erp_zhone_unit_conversion_get_df 
                    WHERE zhsxs != 0
                ) conv
                    ON bom.unit = conv.meinh_f
                    AND bom.default_unit = conv.meinh_t
                
                WHERE bom.part_number IS NOT NULL
                  AND bom.unit != bom.default_unit  -- Needs conversion
                  AND bom.unit != '' AND bom.default_unit != ''
                  AND mconv.mat_code IS NULL        -- Missing specific
                  AND conv.meinh_f IS NULL          -- Missing global
                
                GROUP BY bom.part_number, bom.unit, bom.default_unit
            )
            SELECT * FROM missing_conv LIMIT 20;问题：缺少换算系数：
在物料专用换算表 (
dwd_co_material_unit_conversion_factor_df
) 中没有查到该物料针对 
PCS-> PC 的记录。
在 SAP 通用换算表 (
ods_sap_erp_zhone_unit_conversion_get_df
) 中也没有查到 PCS到 PC 的通用换算规则。由于专用和通用换算规则均缺失，导致代码无法进行正确换算（只能走默认值 1，但这在业务上可能是错的）。建议在源端补充 PCS到 PC的换算关系。",中,"开发问题,源系统数据质量",,@谭程俊,@邵炜杰,2025/12/31,,未开始,PCS是半成品、成品单位，PC是原材料单位，正确的应该不会出现BOM单位和基本计量单位不一致的情况。当前BOM从PLM中获取，存在BOM单位和基本计量单位不一致的情况，需源系统进行历史数据清洗,,,,,,,,
110,系统开发,ods,字段缺失,kostl这个字段dwd_会计凭证明细表模型要用ods_sap_erp_zhone_get_bseg_di缺失,中,开发问题,,@谭程俊,@赵彦,2025/12/31,,已解决待复测,,,,,,,,,
111,系统开发,ods,调度,自动调度，任务流ods_hly_ehr_py仍然在串行等待、正在执行状态,高,优化项,,@饶嘉璇,@赵彦,2026/1/4,2026/1/4,已解决待复测,可能因为生产、测试环境调度冲突,已调整调度时间，待观察情况,,,,,,,
112,系统开发,ods,调度,生产环境的调度未正常运行,高,调度相关,,@饶嘉璇,@赵彦,2026/1/4,2026/1/4,已解决待复测,与上一条情况一样,,,,,,,,
113,系统开发,dim,dim模型,dim_nums_df模型是用来干嘛的，模型设计里面没有,中,开发问题,,@刘洋,@谭程俊,2026/1/4,2026/1/4,已解决待复测,"就是一串1-100数字，之前用来分析，具体作用：1.复杂字符串分析场景：解析含特定分隔符的字符串，数字表能便捷模拟循环或递归逻辑，增强查询可移植性与性能，很有用。
2.dwd_单层BOM替换明细
递归业务逻辑场景：像 BOM 多层展开，需按序处理层级关系时，数字表可简单有效替代递归 CTE，避免性能和语法兼容问题。dim_nums_df需要迁移生产：dwd_co_bottom_bom_df用到：利用数字表 dim_nums_df (1-100) 与 dwd_co_alt_gen_model_df 进行 JOIN (n.pos <= max_pos)，将一行规则炸裂成多行，每行对应规则中的第 n 个替代对。
然后使用 SPLIT_PART 函数提取第 n 个替代对，再解析出原始物料和替代物料",,,,,,,,
114,系统开发,报表,填报表缺失,《主数据-各系统账号信息填报表》显示‘待测试’，但是平台尚未看见该表,高,开发问题,,@郑日天,@蔡岸榕,2026/1/4,2026/1/4,已完成,,,,,,,,,
115,系统开发,报表,填报表取数有误,当前《dim_PBI产品信息维表》中的产品系列分类与前台报表展示的产品系列不一致,高,开发问题,,@邵炜杰,@蔡岸榕,2026/1/4,2026/1/4,已解决待复测,,,,,,,,,
116,系统开发,报表,填报表数据展示有误,隐藏和展示的表列内容不正确,高,开发问题,,@邵炜杰,@蔡岸榕,2026/1/4,2026/1/4,已解决待复测,,,,,,,,,
117,系统开发,dwd,dwd_单层BOM替换明细,"此表做不了主键表，会触发primary key size exceed the limit.主键长度超限，设置最大也不行只能设为明细表DUPLICATE
(...AND bom.mat_code IS NOT NULL AND bom.mat_code != '' ) t GROUP BY factory_code, pci_bom_code, replace_rule_code, pci_code, pci_name, mat_code, mat_name, std_bom_mat_code, std_bom_mat_name, mat_type, comp_unit, base_unit, alternative_flag, original_flag, bom_level, offering] ,10.2.8.36: primary key size exceed the limit.)",高,开发问题,,@谭程俊,@刘洋,2026/1/4,,已完成,改成明细表，注意写入前清数,,,,,,,,
118,系统开发,ods,任务名称与目标表名不一致,任务名称“ods_mes_xspnc_view_sysusergroup_df”与目标表“ods_mes_xsp_view_sysusergroup_df”不一致,高,开发问题,,@李新莲,@李朝中,2026/1/4,2026/1/5,已完成,,,,,,,,,
119,系统开发,报表,筛选器级联,筛选器未设置级联,高,开发问题,,@邵炜杰,@蔡岸榕,2026/1/4,2026/1/5,已完成,,,,,,,,,
120,内部测试,dwd,出货明细模型-逻辑缺失,未排除抛转且退货的数据,高,开发问题,,@陈迎颖,@李新莲,2026/1/5,2026/1/8,已完成,,"修改dwd_sd_shipment_detail_df-dwd_出货明细模型任务：新加限制条件

",,,,,,,
121,内部测试,dwd,出货明细模型-逻辑错误,国内和国际出货数量判断,高,"开发问题,方案理解问题",,@陈迎颖,@李朝中,2026/1/5,,已完成,,,,,,,,,
122,内部测试,dws,出货分配模型-逻辑错误,未关联上的业绩分配，应当赋值为100，而非1,高,开发问题,,@陈迎颖,@李新莲,2026/1/5,2026/1/8,已完成,,"修改【dws_sd_shipment_performance_alloc_df-dws_出货明细模型_业绩分配】任务，如图1

",,,,,,,
123,系统开发,dwd,出货模型增加区域编码字段,"出货模型新增销售战区、销售大区、销售区域编码，需要新增
涉及：dwd_出货明细模型和dws_出货明细模型_业绩分配",高,"方案调整,开发问题",,@陈迎颖,@李新莲,2026/1/4,2026/1/8,已完成,,"1、dwd_出货明细模型--lxl 20260108
  1）【ddwd.dwd_sd_shipment_detail_df-dwd_出货明细模型】表新加字段：newest_date-订单最新日期，piz_line_name-业务产品线
  2）修改【ddwd_sd_shipment_detail_df-dwd_出货明细模型】任务：新加两个字段的取值如图1


2、dws_出货明细模型_业绩分配
1）【dws_sd_shipment_performance_alloc_df-dws_出货明细模型_业绩分配】表新加字段
2）修改【dws_sd_shipment_performance_alloc_df-dws_出货明细模型_业绩分配】任务如图3

",,,,,,,
124,系统开发,dws,dws_出货明细模型_业绩分配 -逻辑调整,"dws_出货明细模型_业绩分配 销售战区，区域，大区逻辑调整，见H列截图；目前取数不对，见M列截图
因为要根据编码找名称，所以需要在dwd_出货明细模型新增销售战区，区域，大区的编码，见问题120行
注：逻辑中“判断分配表取不到字段取dwd表”时，请将各个字段先去掉空格再判断
参考：COALESCE(NULLIF(trim(a.`sales_group_code`), ''),NULLIF(trim(s.`sales_group_code`), ''))",高,方案调整,,@陈迎颖,@李新莲,2026/1/5,2026/1/8,已完成,,修改【dws_sd_shipment_performance_alloc_df-dws_出货明细模型_业绩分配】任务，同问题123,,,,,,,
125,系统开发,dws,各个模型新增业务产品线字段,根据产品线映射关系表在订单明细模型、接单模型、验收模型新增业务产品线字段，逻辑为根据销售区域、产品类型、行业类型关联产品线映射关系表【ods_fr_product_line_mapping_df】，转换为业务产品线,高,方案调整,,@吴美琪,@谭程俊,2026/1/5,2026/1/7,已完成,"订单明细模型：1
接单业绩模型：
接单业绩模型_业绩分配：

验收明细：
验收明细_业绩分配：
周报实际数",,,,,,,,
126,系统开发,dws,各个模型新增业务产品线字段,"根据产品线映射关系表在出货模型、存量模型、标准收入成本模型新增业务产品线字段，逻辑为根据销售区域、产品类型、行业类型关联产品线映射关系表【ods_fr_product_line_mapping_df】，转换为业务产品线
20250108：dws_存量明细模型已改--LXL
20250109：dws_存量明细模型_业绩分配已改-- LCZ",高,方案调整,,"
@陈迎颖","@李朝中
@李新莲",2026/1/5,2026/1/9,已完成,"
出货明细模型：已加
出货明细模型_业绩分配：已加
存量明细模型：已加 --lxl 20250108
存量明细模型_业绩分配：已加
标准收入成本模型：已加
标准收入成本模型_业绩分配：已加",修改【dws_sd_inventory_detail_di-dws_存量明细模型】任务-ok，如图1 --LXL 20260108,,,,,,,
127,系统开发,dws,接单模型排除国内照明订单数据,接单模型/接单模型-业绩分配排除国内照明数据，在订单明细模型新增了121任务的业务产品线后，在接单模型中取订单明细模型数据时，排除销售区域=国内，业务产品线=照明的订单,高,方案调整,,@吴美琪,@谭程俊,2026/1/5,,已完成,,,,,,,,,
128,系统开发,dm,dm_最高测算成本展示表、dm_产品基准价展示表，新增字段,新增字段产品类型（模组整机），区分工程标品和分销模组及整机的数据,高,"方案调整,设计未考虑全面",,@邵炜杰,@谭程俊,2026/1/5,2026/1/5,已完成,,,,,,,,,
129,系统开发,报表,基准价调整值填报表，新增字段,新增字段产品类型（模组整机），区分工程标品和分销模组及整机的数据,高,"方案调整,设计未考虑全面",,@邵炜杰,@蔡岸榕,2026/1/5,2026/1/5,已完成,,,,,,,,,
130,系统开发,dwd,出货模型，字段值缺失，数据条数不合理,"dwd_sd_shipment_detail_df
出货模型目前【制造公司销售订单号】、【合同号】、【母合同号】、【订单类型编码】、【订单类型名称】、【请求交货日期】、【订单首次审批日期】、【订单创建日期】、【最新入库日期】、产品属性相关字段（这个暂时忽略）、【产品类型】、【行业类型】、【特殊库存标识】、【特殊库存标识名称】、【交货地址】、工厂，公司、客户、业务员、销售部门、雇员部门、销售组织、销售组、分销渠道、销售战区名称、销售大区名称、销售区域名称、客户所属国家、货代，运输方式、付款方式、挪用现货信息、是否需要验收、验收单号、验收开票日期、贸易条款、质保期、项目文本、行币种、订单金额，订单面积，均为空
且数据条数仅2000多条",高,"方案调整,开发问题",,@陈迎颖,@李朝中,2026/1/5,2026/1/5,已完成,,,,,,,,,
131,系统开发,dwd,订单明细模型金额相关字段逻辑需复核,根据图片，模型逻辑为直接获取字段数值，但是逻辑写的用其他字段相加的逻辑，核查模型数据有数据缺失。参考复核订单：order_num='0000297931'，order_item_num='000011'，该订单应该有金额值,高,开发问题,,@吴美琪,@谭程俊,2026/1/5,2026/1/5,已完成,"模型逻辑已经补充，缺失是因为KONV-KINAK<>'A'判断，没考虑字段有null值导致null值被过滤了没进入计算: SELECT kposn,knumv,kinak  from
      ods.ods_sap_erp_zhone_get_konv_so_di 
        where   kposn='000011' and knumv='0000658397' 
        kinak <> 'A'",,,,,,,,
132,系统开发,dwd,主数据-各系统账号信息填报表无数据,《主数据-各系统账号信息填报表》平台没有数据（dwd_hr_sys_user_display_df表已有数据），筛选器是空的（默认为空但是值应该取自dwd_hr_sys_user_display_df表中的sys_code字段并与该字段有联动），且目前无法增添数据,高,开发问题,,@郑日天,@蔡岸榕,2026/1/5,2026/1/5,已完成,,,,,,,,,
133,系统开发,ods,调度作业,"调度作业的sap-erp任务有报错
该任务有传参，应将任务 替换成 任务流，再次提交ods_all
见补充截图",高,调度相关,,@饶嘉璇,@李新莲,2026/1/5,2026/1/5,已解决待复测,ods_sap_erp任务流中添加SQL任务“ods_sap_erp_get_para”,,,,,,,,
134,系统开发,dwd,新增公司筛选逻辑,出货明细模型，新增筛选5，逻辑可参考dws_接单业绩模型,高,方案调整,,@陈迎颖,@李朝中,2026/1/5,,已完成,,,,,,,,,
135,内部测试,dwd,dwd_co_quotation_bom_df逻辑变动,该表【是否替代】字段逻辑修改（已标红），增加了'且alprf字段不为-1'这个条件,高,方案调整,,@郑日天,@谭程俊,2026/1/5,2026/1/5,已取消,,,,,,,,,
136,系统开发,数据初始化,BPC组织维存历史版本,BPC 组织维需要按月存一版数，ods_sap_bpc_zhone_get_dimension_attribute_u_entity_df,中,数据收集,,@陈迎颖,@饶嘉璇,2026/1/5,2026/1/5,已完成,,"-- 1. 仅建空表（列定义自动与源表一致）
CREATE TABLE ods.test20260105_ods_sap_bpc_zhone_get_dimension_attribute_entity_df
LIKE ods.ods_sap_bpc_zhone_get_dimension_attribute_entity_df;
-- 2. 灌数据
INSERT INTO ods.test20260105_ods_sap_bpc_zhone_get_dimension_attribute_entity_df
SELECT * FROM ods.ods_sap_bpc_zhone_get_dimension_attribute_entity_df;

-- 1. 仅建空表（列定义自动与源表一致）
CREATE TABLE ods.test20260105_ods_sap_bpc_zhone_get_dimension_attribute_u_entity_df
LIKE ods.ods_sap_bpc_zhone_get_dimension_attribute_u_entity_df;
-- 2. 灌数据
INSERT INTO ods.test20260105_ods_sap_bpc_zhone_get_dimension_attribute_u_entity_df
SELECT * FROM ods.ods_sap_bpc_zhone_get_dimension_attribute_u_entity_df;",,,,,,,
137,内部测试,dwd,历史数据的数据质量,"1.dwd_出货明细模型  字段【是否已验收】，【验收单号】，【验收开票日期】
存在一个交货单对应多个开票号情况，以下订单创建时间均为21年及之前
eg:VBRP-[VGBEL]:0080162567 0080165965 0080167975 0080181883
解决办法：按交货单汇总 开票号和开票日期（两字段去重汇总），按',隔开。
同时，关联条件已做修改：见具体模型
2.dwd_出货明细模型 是否已验收判断逻辑做修改",高,"方案调整,源系统数据质量",,@陈迎颖,@李朝中,2026/1/5,,已完成,,,,,,,,,
138,系统开发,报表,"制费率基线维护表
制费率填报表
损耗率填报表
工厂供货比例填报表",表头行未冻结,高,开发问题,,@邵炜杰,@蔡岸榕,2026/1/5,2026/1/6,已解决待复测,,,,,,,,,
139,系统开发,报表,dm_周报实际数,周报实际数追加业务员编码、业务员名称字段,高,方案调整,,@吴美琪,@谭程俊,2026/1/5,2026/1/5,已完成,,,,,,,,,
140,系统开发,dim,行业维表,行业维表，失效状态为N-未失效，但是有对应失效时间,低,开发问题,,@陈迎颖,@刘洋,2026/1/5,2026/1/7,已完成,,,,,,,,,
141,内部测试,dwd,dwd_co_quotation_bom_df表逻辑修改,dwd_co_quotation_bom_df表的是否替代字段alternative_flag逻辑修改,高,方案调整,,@郑日天,@谭程俊,2026/1/6,2026/1/6,已完成,,,,,,,,,
142,内部测试,dim,汇率小数位数问题,"ZSD151 销售订单=0000193676：模型的【订单金额（含运费）_含税-CNY】与ZSD151的【订单推送金额-RMB】不一致
经查：目前模型的汇率表为7.208，但SAP的值为7.20810（筛选：to_ccy IN ('CNY') AND (rate_type = 'M') AND (from_ccy = 'USD') AND （dt = '2022-11-22'）",高,开发问题,,@陈迎颖,"@李朝中
@刘洋",2026/1/6,,已完成,数据同步，字段类型设置精度太小,,,,,,,,
143,内部测试,dwd,dwd_外协成品计算,关联条件及字段逻辑修改,高,设计未考虑全面,,@邵炜杰,@谭程俊,2026/1/6,2026/1/6,已完成,"逻辑改了，但造的数没命中offering为空，筛选后物料编码在产品维表没有: SELECT 
    p.mat_pur_type,p.mat_type_code,p.special_pur_type, dim.pci_bom_code,offering
FROM dwd.dwd_co_mat_price_df p
inner JOIN dim.dim_product_info_df dim
    ON p.mat_code = dim.pci_bom_code and dim.offering='BNXⅡ1.2'
   WHERE 
   p.mat_pur_type = 'F'
  AND p.mat_type_code = 'ZFRT'    
  AND  p.special_pur_type = '30'
  ;要造  select mat_code from dwd.dwd_co_mat_price_df WHERE 
   mat_pur_type = 'F'
  AND mat_type_code = 'ZFRT'    
  AND  special_pur_type = '30'放产品维表，如图补充1@邵炜杰",,,,,,,,
144,内部测试,dwd,dwd_出货明细模型,"出货明细模型：最新入库日期计算错误：
eg:销售订单= ‘0000198148’ 最新入库日期应为“2023/2/19”
eg:销售订单= ‘0000193675’ 最新入库日期应为“2023/4/12”",高,方案理解问题,,@陈迎颖,@李朝中,2026/1/6,,已完成,,,,,,,,,
145,试点上线,ods,ods_all,"ods_all执行失败，查看子任务报错信息为：com.alibaba.datax.common.exception.DataXException: Code:[DBUtilErrorCode-07], Description:[读取数据库数据失败. 请检查您的配置的 column/table/where/querySql或者向 DBA 寻求帮助.].  - 执行的SQL为: truncate table ods.ods_oa_view_formtable_main_1669_df 具体错误信息为：com.mysql.jdbc.exceptions.jdbc4.MySQLSyntaxErrorException: Getting analyzing error. Detail message: Table ods_oa_view_formtable_main_1669_df is not found.",高,开发问题,,@李新莲,"@李新莲
@饶嘉璇",2026/1/6,2026/1/9,已完成,"1、子任务流没有一起迁移
2、没有授权：
  1）plm:《PCI编码与CIP编码对应关系》pdm11.View_Unilumin_Hone_Parts_PBI ：
sql execute error, sql [SELECT * FROM View Unilumin_Hone Parts Classification order by 1 OFFSET 0 ROWS FETCH NEXT 10ROWS ONLYJ,拒
绝了对对象'LWCPropertyDefinition'(数据库'pdm11',架构'pdm11的SELECT 权限。
sql execute error, sql [SELECT firstLevelClass , secondLevelClass, threeeLevelClass FROM pdm11.View_Unilumin_Hone_Parts_Classificationorder by 1 OFFSET 0 ROWS FETCH NEXT 10 ROWS ONLY],传递给LEFT或SUBSTRING函数的长度参数无效。
  2）sap-erp:《机构单位：销售机构：文本》TVKOT
  3）sap-erp:《收入毛利表》ZTFI057
3、ods_sap_erp_zhone_get_bseg_di任务报错：NullPointerException,如补充截图2，数据源的“ZHONE_GET_BSEG”没有授权生产
4、ods_sap_erp_get_para任务执行报错：Table ods_hone_manu_factory_mapping_df is not found.
5、ods_sap_erp_vbkd_df任务执行报错：OutOfMemoryError: Java heap space
6、ods_aps_escp_inf_datacenter_o_substitutmaterials_df
7、ods_sap_erp_lips_df","1、将报错的子任务流重新导入ods_oa,ods_plm,ods_sap_erp,ods_bi
2、联系PLM负责人授权，并解决视图报错问题--20260109已授权&测试通过 LXL
3、待授权，--20260109已授权&测试通过 LXL
4、从测试环境中拿【ods_hone_manu_factory_mapping_df】的创建脚本，到生产环境中执行
5、调整JVM参数：--jvm=""-Xms2G -Xmx2G""，如图
6、APS二期暂无生产环境，测试环境连不通
7、迁移调度，无法迁移表结构，发现是字段描述有特殊符号""""，去掉重迁即可",,,,,,,
146,内部测试,dwd,dwd_订单明细模型,"dwd_订单明细模型：付款方式字段与SAP字段有差异，见右图。同时将多余的“,”去掉",高,开发问题,,@陈迎颖,@谭程俊,2026/1/6,2026/1/6,已完成,,,,,,,,,
147,内部测试,dwd,dwd_co_mat_price_df表逻辑修改,"kbetr_h
kbetr_l
kbetr_j
stprs
zstprs_hs 这五个字段的计算逻辑已修改（已标红）",高,方案调整,,@郑日天,@李朝中,2026/1/6,,已完成,@李朝中 第五个zstprs_hs字段的计算错误，逻辑是moving_avg_unit_price=zverpr_hs/peinh  请确认是否符合,,,,,,,,
148,内部测试,dwd,dwd_订单明细模型,是否验收取值由于数据来源类型较多，修订为按照来源值判断为新值,高,源系统数据质量,,@吴美琪,@谭程俊,2026/1/6,2026/1/6,已完成,,,,,,,,,
149,内部测试,dwd,dwd_报价BOM生成,原先放在上面的筛选条件是用于判断委外金额的，现已经移到了下方字段逻辑中，新增取工厂的筛选条件，只取2020和B010工厂的BOM,高,方案调整,,@邵炜杰,@谭程俊,2026/1/6,2026/1/6,已完成,,,,,,,,,
150,内部测试,dwd,dwd_出货明细模型和dws_出货明细模型_业绩分配-新增字段,"新增【订单最新日期】字段
涉及：dwd_出货明细模型和dws_出货明细模型_业绩分配",高,方案调整,,@陈迎颖,"@李朝中
@李新莲",2026/1/6,2026/1/8,已完成,,,,,,,,,
151,内部测试,dm,dm_周报实际数,新增【EHR业务员工号】字段,高,方案调整,,@吴美琪,@谭程俊,2026/1/6,2026/1/7,已完成,,,,,,,,,
152,内部测试,dws,dws_出货明细模型_业绩分配-计算错误,"计算错误：
应该是 dwd_出货明细模型 左关联 业绩分配表，会发散，这是正常的，目前没有发散反而不正常
如：order_num = '0000283402' 分配前是3条数，这三条数会分配到3个人上，最终应为9条数。目前仍为3条数",高,方案理解问题,,@陈迎颖,@李朝中,2026/1/6,,已完成,模型业务场景确定不了数据粒度，导致表模型不能使用主键模型,,,,,,,,
153,内部测试,dws,dws_出货明细模型_业绩分配-计算错误,"计算错误：
该表涉及的所有指标计算请检查=原值*分配比例/100
现在没有除以100",高,开发问题,,@陈迎颖,@李朝中,2026/1/6,,已完成,,,,,,,,,
154,内部测试,报表,主数据-各系统账号信息填报表无法填报,【账号类型】、【有效期从】、【有效期至】、【备注】这四个字段尚未实现填报功能，不能填报，【账号类型】字段有数据的需要从ods层直接获取,高,开发问题,,@郑日天,@蔡岸榕,2026/1/6,2026/1/7,已完成,,,,,,,,,
155,内部测试,dws,接单模型,dws_接单模型追加过滤条件：过滤订单状态为拒绝的订单,高,方案调整,,@吴美琪,@谭程俊,2026/1/6,2026/1/7,已完成,,,,,,,,,
156,内部测试,dwd,出货模型&存量模型,"存量和出货：新增逻辑“ 汇率表.汇率类型='M'”，删除对荷兰的单独处理
存量模型：新增币种字段，汇率（to_CNY）和汇率（to_USD），改为直接从dws_接单业绩模型取数",高,方案调整,,@陈迎颖,@李朝中,2026/1/6,,已完成,,,,,,,,,
157,系统开发,dws,dws_存量明细模型,"dws_存量明细模型采用dws_接单业绩模型为b表
注：之前已改，但不知道为什么没保存",高,方案调整,,@陈迎颖,@李新莲,2026/1/6,2026/1/8,已完成,,修改【dws_sd_inventory_detail_di-dws_存量明细模型】任务，如图1,,,,,,,
158,系统开发,dws,dws_存量明细模型和dws_存量明细模型_业绩分配新增字段,"dws_存量明细模型和dws_存量明细模型_业绩分配新增销售大区，销售战区，销售区域 名称
20250108：dws_存量明细模型已改--LXL
20250109：dws_存量明细模型_业绩分配已改-- LCZ",高,方案调整,,@陈迎颖,"@李朝中
@李新莲",2026/1/7,,已完成,,"1、修改【dws_sd_inventory_detail_di-dws_存量明细模型】任务ok --LXL 20260108
2、业绩未开始",,,,,,,
159,内部测试,dwd,ods_aps_escp_inf_datacenter_o_substitutmaterials_df表和dim_product_info_df表数据录入,ods_aps_escp_inf_datacenter_o_substitutmaterials_df表和dim_product_info_df表将造好的数据录入表中,高,方案调整,,@郑日天,"@郑日天
@饶嘉璇",2026/1/7,2026/1/7,已完成,已告知导数方式,,,,,,,,
160,系统开发,dws,dws_存量明细模型剔除字段,dws_存量明细模型暂时删掉产品系列字段,高,方案调整,,@陈迎颖,@李新莲,2026/1/7,2026/1/8,已完成,,"1、表【dws_sd_inventory_detail_di-dws_存量明细模型】删掉字段： product_series_code-产品系列编码,product_series_name-产品系列描述 
2、修改【dws_sd_inventory_detail_di-dws_存量明细模型】任务，如图1",,,,,,,
161,系统开发,dim,dim_PBI产品信息维表,新增字段,高,方案调整,,@邵炜杰,@刘洋,2026/1/7,2026/1/7,已完成,"ALTER TABLE dim.dim_product_info_df 
ADD COLUMN scene_type varchar(100) COMMENT '场景类型' AFTER product_mcm_type",,,,,,,,
162,系统开发,dws,dws_存量明细模型补充逻辑,dws_存量明细模型：中出货模型表关联前先排除场景标识为D开头的数据,高,方案调整,,@陈迎颖,@李新莲,2026/1/7,2026/1/8,已取消,目前订单明细表已做处理，这里不额外处理,修改【dws_sd_inventory_detail_di-dws_存量明细模型】任务,,,,,,,
163,系统开发,dim,dim_employee_info_df表增添字段【是否销售业务员】,dim_employee_info_df表增添字段【是否销售业务员】，SQL代码也已更改,高,方案调整,,@郑日天,@赵彦,2026/1/7,,已完成,,,,,,,,,
164,内部测试,dws,验收模型限定公司代码范围,验收明细模型限定公司范围：关联公司维，过滤不在公司维的相关数据,高,方案调整,,@吴美琪,@谭程俊,2026/1/7,2026/1/7,已完成,,,,,,,,,
165,内部测试,dwd,dwd_co_alt_gen_model_df表系统运行报错,dwd_co_alt_gen_model_df表跑数报错,高,无,,@郑日天,@李朝中,2026/1/7,,已完成,,,,,,,,,
166,内部测试,dwd,国内存量填报&国际存量填报-数据质量,"（ods_sap_erp_ztso_trace_df，ods_sap_erp_zsd_clxx_gj_df）两张表销售订单号应该互斥，但现在发现有以下销售订单号：
0000192979 0000192987 0000192968 在两张表同时存在
暂定解决办法，【订单执行状态】【未出货原因】【未出货原因类别】优先取国内表数，再取国际表数，最后取系统数据（与问题176一起改，现有逻辑按公司判断国内国际，不对，不需要判断）",高,源系统数据质量,,@陈迎颖,"@熊生压
@李朝中",2026/1/7,,已完成,,,,,,,,,
167,内部测试,dws,dws_存量明细模型和dws_存量明细模型_业绩-字段标准化,"dws_存量明细模型和dws_存量明细模型_业绩：
预计出货日期 目前用的是请求交货日期的编码，请改成预计出货日期的编码
20260108:dws_存量明细模型已改--LXL
20250109：dws_存量明细模型_业绩分配已改-- LCZ",高,标准化,,@陈迎颖,"@李朝中
@李新莲",2026/1/7,2026/1/8,已完成,,"1、修改【dws_sd_inventory_detail_di-dws_存量明细模型】任务--ok--LXL 20260108
2、业绩未开始",,,,,,,
168,内部测试,dim,"dim_日期, is_month_lastday字段值错误","月最后一天, 标识错误, 目前全是0",高,开发问题,,@赵彦,@谭程俊,2026/1/7,2026/1/7,已解决待复测,,,,,,,,,
169,系统开发,dws,dws_存量明细模型和dws_存量明细模型_业绩-字段标准化,"存量表的最后入库日期和出货表的最新入库日期含义一致，请将字段名称统一。涉及模型：dws_存量明细模型和dws_存量明细模型_业绩
目前最后入库日期的逻辑也有问题",高,标准化,,@陈迎颖,@李朝中,2026/1/7,,已完成,,1、修改【dws_sd_inventory_detail_di-dws_存量明细模型】任务,,,,,,,
170,内部测试,dwd,dwd_出货明细模型,国际出货数量计算的关联条件改为用交货单+行,高,方案调整,,@陈迎颖,@李朝中,2026/1/7,,已完成,,,,,,,,,
171,内部测试,dwd,dwd_订单明细模型\dws_接单模型,订单明细模型和接单模型的业务产品线逻辑调整,高,方案调整,,@吴美琪,@谭程俊,2026/1/7,2026/1/8,已完成,,,,,,,,,
172,内部测试,dws,dws_接单模型dws_sd_order_performance_df,接单模型排除国内照明是要同时满足国内且业务产品线=照明才排除,高,开发问题,,@吴美琪,@谭程俊,2026/1/7,2026/1/7,已完成,,,,,,,,,
173,内部测试,dwd,dwd_co_mat_price_df表数据与系统运行后数据不一致,dwd_co_mat_price_df表跑数后显示的结果不一致,高,"开发问题,需求确认",,@郑日天,@李朝中,2026/1/7,,已完成,"模型表对应表类型是主键模型，数据写入会根据主键去重，所以会看到描述情况
请确认：物料编码
mat_code
工厂编码
factory_code，主键是否符合业务场景和现有口径存在重复数据如何处理",,,,,,,,
174,内部测试,dws,dws_存量明细模型- 逻辑调整,"dws_存量明细模型：【库存状态】新增移动类型筛选（101,413）逻辑，关联条件同【最新入库日期】，可以直接沿用其关联条件",高,方案调整,,@陈迎颖,"@李朝中
@谭程俊",2026/1/7,,已完成,,,,,,,,,
175,内部测试,dwd,dws_存量明细模型,dws_存量明细模型：新增国际存量填报的逻辑，见右图,高,方案调整,,@陈迎颖,@李新莲,2026/1/7,2026/1/9,已完成,,"修改【dws_sd_inventory_detail_di-dws_存量明细模型】任务，修改取值逻辑

",,,,,,,
176,内部测试,ods,python任务,脚本报错需要抛出到任务这边，否则看不出任务是否运行失败,高,开发问题,,@饶嘉璇,@刘洋,2026/1/7,,已完成,,,,,,,,,
177,内部测试,dws,dws_验收模型,验收模型原来取接单模型改为取订单明细模型,中,方案调整,,@吴美琪,@吴美琪,2026/1/7,2026/1/7,已完成,,,,,,,,,
178,内部测试,ods,python任务,"数据库配置信息改引用服务器文件变量
import sys
import os
helper_path = '/data/dolphinscheduler/resources'
sys.path.insert(0,helper_path)
import config

# stream_laod
sr_be_http_host = config.sr_be_http_host()
sr_be_http_port = config.sr_be_http_port()
# mysql_connector
sr_config = config.sr_config()
详见补充截图1，测试&生产都需同步",中,标准化,,"@刘洋
@饶嘉璇",@赵彦,2026/1/7,,已解决待复测,,,,,,,,,
179,内部测试,ods,python任务,"数据库配置信息改引用服务器文件变量
import sys
import os
helper_path = '/data/dolphinscheduler/resources'
sys.path.insert(0,helper_path)
import config

# stream_laod
sr_be_http_host = config.sr_be_http_host()
sr_be_http_port = config.sr_be_http_port()
# mysql_connector
sr_config = config.sr_config()
详见补充截图1，测试&生产都需同步",中,标准化,,"@刘洋
@饶嘉璇",@刘洋,2026/1/7,2026/1/13,已解决待复测,配置文件的py脚本传到服务器/data/dolphinscheduler/resources目录,"import sys
import os
helper_path = '/data/dolphinscheduler/resources'
sys.path.insert(0,helper_path)
import config",,,,,,,
180,内部测试,ods,python任务,"数据库配置信息改引用服务器文件变量
import sys
import os
helper_path = '/data/dolphinscheduler/resources'
sys.path.insert(0,helper_path)
import config

# stream_laod
sr_be_http_host = config.sr_be_http_host()
sr_be_http_port = config.sr_be_http_port()
# mysql_connector
sr_config = config.sr_config()
详见补充截图1，测试&生产都需同步",中,标准化,,"@刘洋
@饶嘉璇",@李朝中,2026/1/7,,已解决待复测,,,,,,,,,
181,内部测试,ods,python任务,"数据库配置信息改引用服务器文件变量
import sys
import os
helper_path = '/data/dolphinscheduler/resources'
sys.path.insert(0,helper_path)
import config

# stream_laod
sr_be_http_host = config.sr_be_http_host()
sr_be_http_port = config.sr_be_http_port()
# mysql_connector
sr_config = config.sr_config()
详见补充截图1，测试&生产都需同步",中,标准化,,"@刘洋
@饶嘉璇",@谭程俊,2026/1/7,2026/1/13,已解决待复测,,,,,,,,,
182,内部测试,dws,dws_存量明细模型新增字段,dws_存量明细模型新增销售部门，销售组字段,高,方案调整,,@陈迎颖,@李新莲,2026/1/7,2026/1/8,已完成,,修改【dws_sd_inventory_detail_di-dws_存量明细模型】任务,,,,,,,
183,内部测试,dwd,dwd_出货明细模型,【销售订单号_含抛转】有空值,高,开发问题,,@陈迎颖,@陈迎颖,2026/1/7,,已完成,,,,,,,,,
184,内部测试,dwd,dwd_出货明细模型,查询时数据量符合预期，但模型数据执行后写入条数减少,高,方案调整,,@陈迎颖,"@李朝中
@饶嘉璇",2026/1/7,2026/1/9,已完成,这几个字段值超长，应该是因为设置了关闭严格模式，导致程序没有报错,"ALTER TABLE dwd.dwd_sd_shipment_detail_df MODIFY COLUMN payment_method varchar(2000) COMMENT '付款方式';
ALTER TABLE dwd.dwd_sd_shipment_detail_df MODIFY COLUMN project_text varchar(2000) COMMENT '项目文本';
ALTER TABLE dwd.dwd_sd_shipment_detail_df MODIFY COLUMN warranty_period varchar(2000) COMMENT '质保期';",,,,,,,
185,内部测试,dwd,dwd_出货明细模型,dwd_出货明细模型：国际出货数量的计算添加销售订单的关联条件,高,方案调整,,@陈迎颖,@李朝中,2026/1/9,,已完成,,,,,,,,,
186,,dwd,dwd_出货明细模型,"存在出货数量大于订单数量的情况
原因：SAP历史未设置强校验，目前已设置。
结论：暂时不用管这些数据
查出货模型： order_type_code in ('ZMHH','ZMRE','ZMCE') AND unshipment_qty>0 AND scenario_tag =''",高,源系统数据质量,,@陈迎颖,@熊生压,2026/1/9,,已完成,,,,,,,,,
187,内部测试,dwd,dwd_出货明细模型,"销售订单号0000125882 测试未出货数量 目前订单数量和出货数量一致，但ZSD157为负数
查原因：1. ZSD157对未出货的逻辑判定有问题",高,源系统数据质量,,@陈迎颖,@刘飞虎,2026/1/9,,暂挂,,,,,,,,,
188,内部测试,dwd,dwd_co_alt_gen_model_df数据未生成（空白）,dwd_co_alt_gen_model_df表没有数据，中台运行后发现报错（参考截图1）,高,方案调整,,@郑日天,@李朝中,2026/1/7,,已完成,,"请确认模型主键长度问题：
starrocks库表主键模型对主键字段字节长度有限制，现在这两个字段的复合主键字节长度超过了127b限制，暂先把表改为明细模型，数据正常写入@郑日天",,,,,,,
189,内部测试,dws,dws_验收模型dws_fin_acceptance_detail_df,验收模型新增是否内部关联客户字段标签，重新写客户是否内部关联客户的逻辑，不能直接取订单的，验收这块因为海外子公司没有单独的验收单，所以洲明卖给海外子公司的要计入验收业绩,高,方案调整,,@吴美琪,@谭程俊,2026/1/7,2026/1/12,已完成,,,,,,,,,
190,内部测试,dws,dws_验收模型_业绩分配dws_fin_acceptance_with_perf_alloc_df,dws_验收模型_业绩分配新增过滤内部关联客户逻辑,高,方案调整,,@吴美琪,@吴美琪,2026/1/7,,已完成,,,,,,,,,
191,内部测试,ods,调度报错,"生产环境调度
1、sap-erp：ZTFI057、ZZMARA授权问题
具体错误信息为：com.ibm.db2.jcc.am.SqlSyntaxErrorException: DB2 SQL Error: SQLCODE=-551, SQLSTATE=42501, SQLERRMC=DB2USER;SELECT;SAPPRD.ZTFI057, DRIVER=4.11.77
2、plm：pdm11.View_Unilumin_Hone_Parts_Classification来源视图问题
3、aps：ESCP_INF_DATACENTER_O_SubstitutMaterials，没生产环境",高,集成问题,,@饶嘉璇,"@熊生压
@沈泰祥、@刘培
@李观琦",2026/1/7,2026/1/9,进行中,"1、生产环境已解决，测试环境突然授权无效了，已恢复。
2、沈老师已解决。
3、暂时对接APS测试环境，待APS生产环境上线后切换（待跟进）",,,,,,,,
192,内部测试,ods,生产环境ehr接口,生产环境ehr接口凌晨执行到现在,高,调度相关,,@饶嘉璇,@赵彦,2026/1/8,,已解决待复测,"可能因为生产、测试环境调度冲突
可能因为消息内容太大","已调整职位userid传入个数,300调整为200
目前没发现卡住",,,,,,,
193,内部测试,dwd,dws_出货业绩分配模型,dws_出货业绩分配模型：条数应为392037，现在是392034,高,"方案调整,开发问题",,@陈迎颖,@李朝中,2026/1/9,,已完成,,,,,,,,,
194,内部测试,dws,dws_存量业绩分配模型,dws_存量业绩分配模型，多了是否下单业务员字段,高,开发问题,,@陈迎颖,@李朝中,2026/1/9,,已完成,,,,,,,,,
195,内部测试,报表,指标录入表_周计划录入表-数据问题,"1. 应该赋值 国际 而不是null
2. 月度预估收入，存在销售区域及业务线为空情况",高,"开发问题,源系统数据质量",,@陈迎颖,@刘洋,2026/1/8,2026/1/8,已完成,,,,,,,,,
,内部测试,dws,dws_存量明细模型,【预计出货日期】【PMC变更日期】【运输方式】代码中剔除公司判断的逻辑,高,开发问题,,@陈迎颖,@李朝中,2026/1/9,,已完成,,,,,,,,,
197,内部测试,dws,dws_存量明细模型,存量明细模型这里的逻辑 文档里未体现,高,标准化,,@陈迎颖,@李朝中,2026/1/9,,已完成,脚本自测使用,,,,,,,,
198,内部测试,dws,dws_标准收入成本模型,"1、限制科目范围时需要转换科目编码的字段类型
2、新增业务产品线字段
3、新增公司代码范围限制只获取全融合的公司
4、新增订单明细模型关联时不需要公司代码关联，只需要订单号关联，订单行号关联时需要转换字段类型关联",高,开发问题,,@吴美琪,@吴美琪,2026/1/8,,已完成,,,,,,,,,
199,内部测试,dws,"业绩分配比例表
dwd_sd_performance_allocation_ratio_df",追加销售区域名称、销售大区名称、销售战区名称字段,高,方案调整,,@吴美琪,@李新莲,2026/1/8,2026/1/8,已完成,,表【dwd.dwd_sd_performance_allocation_ratio_df】新增字段,,,,,,,
200,内部测试,报表,损耗率填报表,新增委外成本字段及表样调整,高,方案调整,,@邵炜杰,@蔡岸榕,2026/1/8,2026/1/8,已完成,,,,,,,,,
201,内部测试,报表,主数据-各系统账号信息填报表调整修改,"1.【账号类型】字段展示中文描述
2.增加【账号类型】和【账号状态 Y:启用 N:禁用】这两个字段的筛选器
3.该填报表的导入功能实现
4.账号和姓名筛选器出现不属于该筛选器的选项，可能是联动出现问题",高,方案调整,,@郑日天,@蔡岸榕,2026/1/8,2026/1/13,已完成,,,,,,,,,
202,内部测试,dws,"接单模型-业绩分配
dws_sd_order_performance_alloc_df",业绩分配比例表追加了区域名称、大区名称、战区名称字段，优先取业绩分配比例表，否则取接单模型表的逻辑修订,高,映射问题,,@吴美琪,@吴美琪,2026/1/8,,已完成,,,,,,,,,
203,内部测试,dwd,dwd_产品成本计算参数,填报逻辑调整，用户要求按照PCI-BOM编码维护损耗率、制费率、委外成本信息,高,方案调整,,@邵炜杰,@李新莲,2026/1/8,2026/1/9,已完成,数据中台运行报错---有为空的数据,"修改任务&表结构：dwd_co_product_cost_param_df


进数时增加不为空的判断",,,,,,,
204,内部测试,dwd,dwd_订单明细模型,订单最新日期逻辑修订：除了ZB2B\ZMRE\ZMCE\ZMDR订单类型外，其他的订单类型取第一次审批日期，如果没有第一次审批日期则为空,高,方案调整,,@吴美琪,@吴美琪,2026/1/8,,已完成,,,,,,,,,
205,内部测试,dwd,dwd_报价BOM生成,"1.8与秦总沟通后确认逻辑
1. 需新增字段用于判断不同模型数据
2. 委外成本直接由成本工程师录入，不再通过逻辑判断，修改为直接取数",高,方案调整,,@邵炜杰,@李新莲,2026/1/8,2026/1/9,已完成,,"修改任务&表结构：dwd_co_quotation_bom_df

",,,,,,,
206,系统开发,系统,分区表修改副本数,"ALTER TABLE ods.ods_sap_bpc_zhone_get_model_data_02_u_001_act03_di  SET (""replication_num"" = ""3"");
SQL 错误 [1064] [42000]: Partition does not exist. name: ods_sap_bpc_zhone_get_model_data_02_u_001_act03_di",低,优化项,,@赵彦,@刘洋,2026/1/8,2026/1/13,已解决待复测,修改分区表的命令不同,,,,,,,,
207,系统开发,dws,dws_标准收入成本模型,dws_标准收入成本模型和dws_标准收入成本模型_业绩分配模型新增产品线字段,高,方案调整,,@吴美琪,@吴美琪,2026/1/8,,已完成,,,,,,,,,
208,内部测试,报表,损耗率填报表问题,"1.产品族列取值错误，取的不是产品族，取的是产品线
2.填报的小数位数最多只有两位，不符合要求（4位）
3.表单未实现按主键去重
4.列值未与筛选器统一（筛选器是PCI-BOM 列值是PCI描述）
5.数据导入后列名称会变化混乱
6.筛选器中租赁分销出现了两次
(截图均在补充截图中)",高,开发问题,,@郑日天,@蔡岸榕,2026/1/8,2026/1/9,已完成,,,,,,,,,
209,系统开发,dwd,dwd_替代情况生成结果表,调整物料分类内容,中,方案调整,,@邵炜杰,@李朝中,2026/1/8,2026/1/9,已完成,,"修改任务：dwd_co_alt_gen_model_df

",,,,,,,
210,内部测试,报表,制费率填报表问题,"1.填报的小数位数最多只有两位，不符合要求（4位）
2.表单未实现按主键去重
3.列值未与筛选器统一（筛选器是PCI-BOM 列值是PCI描述）
4.数据导入后列名称会变化混乱
5.筛选器中租赁分销出现了两次
6.分销的筛选器进行筛选后没有区分出固装分销和租赁分销
7.模型中增添产品类型（模组整机）字段
(截图均在补充截图中)",高,开发问题,,@郑日天,@蔡岸榕,2026/1/9,2026/1/9,已完成,,,,,,,,,
211,内部测试,报表,工厂供货比例填报表问题,"1.填报的小数位数最多只有两位，不符合要求（4位）
2.列值未与筛选器统一（筛选器是产品族列值是产品组）
3.筛选器中租赁分销出现了两次
4.分销的筛选器进行筛选后没有区分出固装分销和租赁分销
(截图均在补充截图中)",高,开发问题,,@郑日天,@蔡岸榕,2026/1/9,2026/1/9,已完成,,,,,,,,,
212,内部测试,报表,制费率基线值填报表问题,"1.填报的小数位数最多只有两位，不符合要求（4位）
2.导入数据会导致报表出现大量空行，提交数据后数据消失，且未录入制费率表
(截图均在补充截图中)",高,开发问题,,@郑日天,@蔡岸榕,2026/1/9,2026/1/9,已完成,,,,,,,,,
213,内部测试,报表,基准价调整值填报表问题,"1.数据版本筛选器删除
2.调整值无法填写负数
3.数据无法导入，且报表出现异常框格（大框格）
4.增设销售分摊费用比例、管理分摊费用比例、研发分摊费用比例这三个字段
5.列值未与筛选器统一（筛选器是PCI-BOM 列值是PCI描述）
(截图均在补充截图中)",高,开发问题,,@郑日天,@蔡岸榕,2026/1/9,2026/1/9,已完成,,,,,,,,,
214,系统开发,dwd,dwd_单层BOM替换明细,"1.8与秦总沟通后确认逻辑
1. 需新增字段用于判断不同模型数据",高,方案调整,,@邵炜杰,@李新莲,2026/1/9,2026/1/9,已解决待复测,,"修改任务&表结构：dwd_co_bottom_bom_df

",,,,,,,
215,系统开发,dwd,dwd_产品单位成本计算,"1.8与秦总沟通后确认逻辑
1. 新增源表，获取分销模组计算数据
2. 新增分销模组计算数据关联条件
3. 新增分销模组计算数据字段及筛选逻辑
4. 新增用于区分不同模型的判断逻辑字段取数
5. 成本、制费计算公式调整",高,方案调整,,@邵炜杰,@李新莲,2026/1/9,2026/1/9,已解决待复测,,"修改任务&表结构：dwd_co_product_unit_cost_df

",,,,,,,
216,内部测试,报表,产品最高测算成本展示表问题,"1.数据版本筛选器删除
2.PCI-BOM的筛选器与PCI描述的筛选器无法做到同时选择，级联出现问题（比如我先点击选择一个描述，之前选择的PCI-BOM筛选器会被清空）",高,开发问题,,@郑日天,@蔡岸榕,2026/1/9,2026/1/9,已完成,,,,,,,,,
217,内部测试,报表,产品测算成本展示表问题,"1.数据版本筛选器删除
2.PCI-BOM的筛选器与PCI描述的筛选器无法做到同时选择，级联出现问题（比如我先点击选择一个描述，之前选择的PCI-BOM筛选器会被清空）
3.表名错误（产品则算）",高,开发问题,,@郑日天,@蔡岸榕,2026/1/9,2026/1/9,已完成,,,,,,,,,
218,内部测试,报表,产品测算成本明细表-单层问题,"1.数据版本筛选器删除
2.PCI-BOM的筛选器与PCI描述的筛选器无法做到同时选择，级联出现问题（比如我先点击选择一个描述，之前选择的PCI-BOM筛选器会被清空）
3.表名错误（基准价调整值填报表单层）",高,开发问题,,@郑日天,@蔡岸榕,2026/1/9,2026/1/9,已完成,,,,,,,,,
219,内部测试,报表,分摊费用比例填报表问题,"1.填报数据时报错
2.分摊比例不为1报错（该表不需要分摊比例相加为1的校验规则）
3.填报的小数位数最多只有两位，不符合要求（4位）",高,开发问题,,@郑日天,@蔡岸榕,2026/1/9,2026/1/9,已完成,,,,,,,,,
220,内部测试,报表,分销模组-制费填报表数据异常,该表数据应该取自《dim_PBI产品信息维表》，但是有部分数据不是《dim_PBI产品信息维表》的数据,高,开发问题,,@郑日天,@蔡岸榕,2026/1/9,2026/1/9,已完成,,,,,,,,,
221,内部测试,报表,工程服务价格填报表问题,"1.导入数据后，提交数据时报错
2.偏差上浮率字段允许大于1且填报的小数位数允许四位",高,开发问题,,@郑日天,@蔡岸榕,2026/1/9,2026/1/9,已完成,,,,,,,,,
222,内部测试,ods,"损耗率填报表
制费率填报表",填报表字段调整，需重新抽取,高,方案调整,,@邵炜杰,@李新莲,2026/1/9,2026/1/9,已解决待复测,,"修改任务&表结构：ods_bi_report_fr_loss_rate_df
修改任务&表结构：ods_bi_report_fr_manu_fee_rate_df",,,,,,,
223,内部测试,dwd,"dwd_出货明细模型
dws_出货明细模型_业绩分配
dws_存量明细模型
dws_存量明细模型_业绩分配","参考如下SQL，修改付款方式、项目文本、质保期的长度：
ALTER TABLE dwd.dwd_sd_shipment_detail_df MODIFY COLUMN payment_method varchar(2000) COMMENT '付款方式';
ALTER TABLE dwd.dwd_sd_shipment_detail_df MODIFY COLUMN project_text varchar(2000) COMMENT '项目文本';
ALTER TABLE dwd.dwd_sd_shipment_detail_df MODIFY COLUMN warranty_period varchar(2000) COMMENT '质保期';",高,方案调整,,@饶嘉璇,@李朝中,2026/1/9,2026/1/9,已解决待复测,,,,,,,,,
224,内部测试,dm,dm_周报实际数,对于产品族、产品线字段修订字段名为rd_前缀，表示研发后端字段；新增产品线名称字段，表示前端产品线归属,高,方案调整,,@吴美琪,@谭程俊,2026/1/9,2026/1/9,已完成,,,,,,,,,
225,内部测试,dwd,dwd_报价BOM生成表出现问题,跑数后中台和数据库数据量不一致，调整字段条件为主键汇总，调整内容参考截图1,高,功能调整,,@郑日天,@谭程俊,2026/1/9,2026/1/12,已完成,"主键有重复数据，重复的都是id列不同，其他列相同：select * from  ods.ods_plm_bom_item_df  WHERE 
     factory_code IN ('2020', 'B010')and (product_number = 'CVP-P100203KM-51CR' AND part_number = '610-CB2580-ZS' AND factory_code = '2020' AND item_no = 90 AND parent_number = '10M-104030-03-MV')
   OR (product_number = 'CVP-P100203KM-51CR' AND part_number = '43A36-Y0000012' AND factory_code = '2020' AND item_no = 40 AND parent_number = '10M-104030-03-MV')
   OR (product_number = 'CVP-P100203KM-51CR' AND part_number = '200-A02015-01-UR' AND factory_code = '2020' AND item_no = 20 AND parent_number = '10M-104030-03-MV')
   OR (product_number = 'CVP-P100203KM-51CR' AND part_number = '433-T7P801-B1-R' AND factory_code = '2020' AND item_no = 70 AND parent_number = '10M-104030-03-MV')
   OR (product_number = 'CVP-P100203KM-51CR' AND part_number = '610-CB2580-ZS' AND factory_code = '2020' AND item_no = 80 AND parent_number = '10M-104030-03-MV')
   OR (product_number = 'CVP-P100203KM-51CR' AND part_number = '241-APE242-01-UR' AND factory_code = '2020' AND item_no = 30 AND parent_number = '10M-104030-03-MV')
   OR (product_number = 'CVP-P100203KM-51CR' AND part_number = '400-TP2217-00-R' AND factory_code = '2020' AND item_no = 50 AND parent_number = '10M-104030-03-MV')
   OR (product_number = 'CVP-P100203KM-51CR' AND part_number = '70D-0GFJ0A-TP' AND factory_code = '2020' AND item_no = 140 AND parent_number = '10M-104030-03-MV')
   OR (product_number = 'CVP-P100203KM-51CR' AND part_number = '20002-Y0000080' AND factory_code = '2020' AND item_no = 10 AND parent_number = '10M-104030-03-MV')
   OR (product_number = 'CVP-P100203KM-51CR' AND part_number = '24108-Y0000003' AND factory_code = '2020' AND item_no = 60 AND parent_number = '10M-104030-03-MV')
   ORDER BY item_no,product_number,factory_code,product_number,part_number,parent_number,part_level ASC;
   ;此处id没业务意义的话，主键去重的数据量1366就是对的，待业务确认",存在一个产品下用到两种相同的半成品的情况，相同物料不能去重，需要调整成按照主键汇总,,,,,,,
226,内部测试,dwd,dwd_单层BOM替换明细,字段筛选条件更新，进针对有替换的非原始物料进行标记,高,功能调整,,@邵炜杰,@谭程俊,2026/1/9,,已解决待复测,,,,,,,,,
227,内部测试,ods,调度报错,生产环境，ods_sap_erp任务流执行报错，其中是任务 ods_sap_erp_zhone_get_bseg_di 报错：OutOfMemoryError: GC overhead limit exceeded,高,集成问题,,@李新莲,@饶嘉璇,2026/1/12,2026/1/12,已完成,,"1、修改任务的JVM配置（4/4调整成4/10）
2、调整任务流中的执行顺序，将有运行问题的任务置底，避免因为任务报错，其它串行任务未运行的情况，点击保存
3、测试ods_sap_erp，从报错节点开始执行，观察能否执行完成
4、提交ods_all，后续持续每日观察",,,,,,,
228,内部测试,dwd,dwd_报价BOM生成,字段取数有误，与dim字段内容没有对应上,高,开发问题,,@邵炜杰,@谭程俊,2026/1/12,,已完成,错位是李新莲老师加维表字段放错位置，offering放product_mcm_type后，已修复,,,,,,,,
229,内部测试,ods,sap-erp抽取任务,"1、对于源字段默认值为空格的字段，进行去空格处理
2、抽取部分数据进行核对",高,集成问题,,"@吴美琪
@饶嘉璇","@李新莲
@赵彦",2026/1/12,,进行中,设置请求参数，详见右侧,https://docs.mirrorship.cn/zh/docs/3.1/sql-reference/sql-statements/loading_unloading/STREAM_LOAD/#%E8%AE%BE%E7%BD%AE-skip_headertrim_spaceenclose-%E5%92%8C-escape,,,,,,,
230,内部测试,报表,"损耗率填报表
制费率填报表",填写后提交提示成功，但重新查询后没有数据,高,开发问题,,@邵炜杰,@蔡岸榕,2026/1/12,2026/1/12,已完成,,,,,,,,,
231,内部测试,报表,"损耗率填报表
制费率填报表",未增加数据的筛选,高,开发问题,,@邵炜杰,@蔡岸榕,2026/1/12,2026/1/12,已完成,,,,,,,,,
232,内部测试,dwd,dwd_报价BOM生成,数据未获取,高,开发问题,,@邵炜杰,@谭程俊,2026/1/12,2026/1/12,已完成,,,,,,,,,
233,内部测试,报表,年初目标/计划数据未录入前的空值处理,年初目标一般是1月底才会确定，年度目标确定后才会编制计划，故1月份目标和计划数会有一段时间为空，用户希望在未填报目标/计划之前隐藏列不展示/或者展示列显示【待定】而非空值,高,优化项,,尹雅媛,@佘伟萍,2026/1/9,,未开始,需雅媛总与王总沟通后确定处理方案,,,,,,,,
234,内部测试,报表,上年同期收入取值调整,"《指标录入表_季度收入预估补录表》&《展示表_集团周报》-【上年同期收入】：
目前：取筛选器日期-1年的同期年累计收入，比如筛选20250802取20240802；
调整：取筛选器日期-1年的同月份月底年累计收入，比如筛选20250802取20240831；",高,优化项,,尹雅媛,@佘伟萍@刘洋,2026/1/12,,已解决待复测,业务需求,已修改设计文档,,,,,,,
235,内部测试,报表,填报表增加合计行,"填报表增加合计行：
1、指标录入表_年度目标录入表
2、指标展示表_年度目标滚动计算表
3、指标录入表_月度保底目标录入",高,优化项,,@佘伟萍,@刘洋,2026/1/12,2026/1/12,已完成,目标录入到业务员粒度，增加合计行方便录入/调整时检查合计值是否与部门目标一致,已修改设计文档,,,,,,,
236,内部测试,报表,冻结+排序,"1、年度目标录入表：冻结至标题行+【业务产品线】列；按公司、销售区域、销售大区、销售战区、业务产品线、业务员依次排序；
2、月度保底目标录入：冻结至标题行+【业务产品线】列；按公司、销售区域、销售大区、销售战区、业务产品线、业务员依次排序；
3、手工业绩录入表：冻结至标题行+【客户采购合同号】；按销售公司、目标类型、下单日期、销售区域、销售大区、销售战区、产品类型、行业类型、产品、客户、业务员依次排序；
4、子公司目标数据补录表：冻结至标题行+【公司】列；
5、子公司实际数据补录表：冻结至标题行+【公司】列；
6、年度目标滚动计算表：冻结至标题行+【业务产品线】列；按公司、销售区域、销售大区、销售战区、业务产品线、业务员排序；
7、集团周报：冻结至标题行+【产品线】列；
8、销服运营周报/-大区/-大区-战区：冻结至标题行+【产品线】列；按冻结列从左到右依次排序
9、销服运营周报-整体-产品线/-大区-业务产品线/-战区-业务产品线：冻结至标题行+【业务产品线】列；按冻结列从左到右依次排序。",中,优化项,,@佘伟萍,"@刘洋
@赵彦",2026/1/12,,已完成,"1、年度目标录入表：改完
2、月度保底目标录入：改完
3、手工业绩录入表：改完
4、子公司目标数据补录表：改完
5、子公司实际数据补录表：改完
6、年度目标滚动计算表：改完
7、集团周报：改完
8、销服运营周报 改完",,,,,,,,
237,内部测试,报表,调整列位置,"待定：
1、年度目标录入表：【业务产品线】和【业务员】调换位置；
2、年度目标滚动计算表：【业务产品线】和【业务员】调换位置；
3、月度保底目标录入：【业务产品线】和【业务员】调换位置；",低,优化项,,@佘伟萍,,2026/1/12,,未开始,待定,,,,,,,,
238,内部测试,报表,年度目标表内勾稽关系优化,"《年度目标录入表》调整前H1目标=年度目标*0.45，H2目标=年度目标*0.55，目前填报表控制了调整后H1+H2=全年，调整后Q1+Q2+Q3+Q4=全年，调整后M1+M2+…+M12=全年，调整后季度=季度内各月合计，但是没有控制调整后H1/H2=季度合计
调整：H1调整值=Q1调整值+Q2调整值，无需填写；H2同理",高,优化项,,@佘伟萍,@刘洋,2026/1/12,,已完成,"调整后，如需调整，只需要调整季度/月度(只调季度不调月度默认季度内第3个月调整值=季度调整值)，不需要调整H1,H2",,,,,,,,
239,内部测试,dws,dws_标准收入成本模型dws_fin_revenue_cost_df,新增过滤条件：过滤已经被冲销的核算凭证,高,设计未考虑全面,,@吴美琪,@李朝中,2026/1/12,,已解决待复测,,,,,,,,,
240,内部测试,dwd,"dwd_产品测算成本计算
dws_测算成本计算汇总
dm_最高测算成本展示表",中台运行页面报错，由于主键超长，已取消主键，需修改为明细模型，参考截图1、2、3,高,功能调整,,@邵炜杰,@谭程俊,2026/1/12,2026/1/12,已完成,,,,,,,,,
241,内部测试,dwd,dwd_产品单位成本计算模型,dwd_co_product_unit_cost_df任务执行报错：primary key size exceed the limit.,高,开发问题,,@李新莲,@李新莲,2026/1/9,2026/1/9,已完成,,"对于表dwd.dwd_co_product_unit_cost_df
1、拿到表建表语句
2、drop表
3、建表语句primary key改为duplicate key，重新执行",,,,,,,
242,内部测试,报表,产品最高测算成本展示表,无法查询,高,开发问题,,@邵炜杰,@蔡岸榕,2026/1/12,2026/1/12,已完成,,,,,,,,,
243,内部测试,dwd,dwd_co_物料价格计算表po_est_unit_price字段问题,"1.dwd_co_物料价格计算表po_est_unit_price字段没有计算结果，但是测试公式中各个数据都应该有数
2.时间戳为空",高,开发问题,,@郑日天,@李朝中,2026/1/12,2026/1/13,已完成,,po_est_unit_price提供计算有值的factory_code和mat_code数据供问题排查,,,,,,,
244,内部测试,报表,工程服务价格填报表跑数后数据库出现多余数据,前端系统没有填这条数据，但是跑数后，数据库中总是存在这条数据,高,开发问题,,@郑日天,@蔡岸榕,2026/1/12,2026/1/13,已解决待复测,,,,,,,,,
245,内部测试,报表,产品测算成本明细表-单层,因委外金额已经作为物料成本计算，展示字段取消，其余字段逻辑调整,高,功能调整,,@邵炜杰,@蔡岸榕,2026/1/12,2026/1/12,已完成,,,,,,,,,
246,内部测试,dwd,dwd_产品单位成本计算,测试的产品不为【分销】产品线，应按照图中公式计算，但系统计算结果中缺少+subcon_max_amt的部分，计算有误，应该是加上bom_level=0行的subcon_max_amt数据,高,方案调整,,@邵炜杰,@李朝中,2026/1/12,2026/1/13,已完成,,,,,,,,,
247,内部测试,dwd,dwd_产品测算成本计算,"1. 缺少供货比例字段
2. 测算成本计算公式调整",高,"开发问题,功能调整",,@邵炜杰,@谭程俊,2026/1/12,2026/1/13,已完成,调整后两个表之间无法建立有效关联pci_bom_code，外协数据为空@邵炜杰，测试库上业务就是当前BOM中所有产品，都没有外协成本，全都是自制,,,,,,,,
248,内部测试,报表,产品最高测算成本展示表,"1. 字段取数模型调整
2. 查看数据缓慢（数据量大，当前解决方案参考截图2）
3. 增加筛选器",高,"方案调整,功能调整",,@邵炜杰,@蔡岸榕,2026/1/12,2026/1/14,已解决待复测,,数据查看缓慢问题：报表设计中，勾选【点击查询前不显示报表内容】,,,,,,,
249,内部测试,dws,dws_测算成本计算汇总,功能上可以从dwd筛选出所需数据，主要用于前台报表展示，与技术沟通后认为可以删除改dws模型,高,功能调整,,@邵炜杰,@谭程俊,2026/1/12,2026/1/13,已取消,,,,,,,,,
250,内部测试,dws,dws_存量明细模型+逻辑调整,【订单行库存标识】和【库存状态】之前给的逻辑不对，重新调整,高,功能调整,,@陈迎颖,@李朝中@谭程俊,2026/1/12,2026/1/13,已完成,,,,,,,,,
251,内部测试,dws,dws_存量明细模型+补充字段,补充币种字段,高,功能调整,,@陈迎颖,@谭程俊,2026/1/13,,已完成,,,,,,,,,
252,内部测试,ods,物料主数据,ods_sap_erp_zzmara_df 数据量对不上,,开发问题,,@李新莲,@谭程俊,2026/1/13,,未开始,,,,,,,,,
253,内部测试,ods,产品/模组类型,ods_sap_erp_zpp019m_df 数据量对不上,,源系统数据质量,,@李新莲,@李朝中,2026/1/13,,未开始,数据采集空格处理导致主键冲突,,,,,,,,
254,内部测试,ods,ZPP019 生产任务单 表头,ods_sap_erp_zpp019_h_df 数据量对不上,高,源系统数据质量,,@李新莲,@李朝中,2026/1/13,,未开始,数据采集空格处理导致主键冲突,,,,,,,,
255,内部测试,ods,个人（办公地址管理）,SELECT * FROM ods.ods_sap_erp_adrp_df  WHERE persnumber= '0000022768';该行数据的【adrp_uuid-地址UUID】和【langu_crea-语言】与SAP-ERP数据不一致,中,开发问题,,@李新莲,@蔡岸榕,2026/1/13,,未开始,,,,,,,,,
256,内部测试,ods,个人/地址分配 (业务地址服务),SELECT * FROM ods.ods_sap_erp_adcp_df WHERE persnumber= '0000022768';该行数据的【adrp_uuid-地址UUID】与SAP-ERP数据不一致,中,开发问题,,@李新莲,@蔡岸榕,2026/1/13,,未开始,,,,,,,,,
257,内部测试,ods,分配用户名称地址码,SELECT * FROM ods.ods_sap_erp_usr21_df  WHERE bname='0001' ;该行数据的【identity_guid-GUID统一】与SAP-ERP数据不一致,中,开发问题,,@李新莲,@蔡岸榕,2026/1/13,,未开始,,,,,,,,,
258,内部测试,dm,dm_产品最高测算成本展示表,由于dws取消，dm源表和关联条件更新，字段取数逻辑更新,高,功能调整,,@邵炜杰,@谭程俊,2026/1/13,2026/1/13,已完成,,,,,,,,,
259,内部测试,ods,订单抛转信息,ods_sap_erp_zsd068va_df 审计字段不是规范的 insert_dt,低,开发问题,,@李新莲,@李朝中,2026/1/13,2026/1/13,已完成,,,类似问题可在问题描述中添加表名或者任务名，截图copy不灵活，方便定位,,,,,,
260,内部测试,ods,权限,参考其它数据源，分配租户管理员权限，看下正式环境是否也需要处理下,低,无,,@饶嘉璇,@赵彦,2026/1/13,,已解决待复测,,,,,,,,,
261,内部测试,报表,年度目标录入表+添加校验,年度目标录入表 添加校验：【调整后】必须>=0,中,优化项,,@陈迎颖,@刘洋,2026/1/13,,已完成,,,,,,,,,
262,内部测试,报表,周报下钻及返回传参逻辑,【销售大区】下钻【销售战区】或回退【销售区域】都需要带上【销售区域、销售大区】的参数，目前仅联动了销售战区，回退的数据范围不对；比如：国内→华东→华东各省，取消选择【华东】回退时会展示国内+国际所有,高,开发问题,,@佘伟萍,@刘洋,2026/1/13,,已解决待复测,,,,,,,,,
263,内部测试,报表,主数据-各系统账号信息填报表调整修改,"1.【姓名】改为【系统账号名称】
2.账号信息合并单元格有误
3.账号管理信息的框线影响美观去掉
4.导入后报错，“SLW账号（不能为空）”
5.导入并跑数后数据库无对应数据
6.筛选器筛选账号类型字段不显示对应的账号",高,开发问题,,@郑日天,@蔡岸榕,2026/1/13,2026/1/13,已完成,,,,,,,,,
264,内部测试,dm,dm_产品最高测算成本展示表,筛选条件更新,高,"方案理解问题,功能调整",,@邵炜杰,@谭程俊,2026/1/13,2026/1/13,已完成,,,,,,,,,
265,内部测试,报表,价格系数与额外质保比例填报表,最终方案及计算逻辑确认，原填报表逻辑和字段调整,高,方案调整,,@邵炜杰,@蔡岸榕@赵彦,2026/1/13,,暂挂,,,,,,,,,
266,内部测试,报表,Sparts市场价与系数填报表,最终方案及计算逻辑确认，原填报表逻辑和字段调整,高,方案调整,,@邵炜杰,@蔡岸榕,2026/1/13,,未开始,,,,,,,,,
267,系统开发,系统,数据库对象开发规范,"参考""数据库对象规范检查""sheet页
数据库对象规范检查 ",高,标准化,,@赵彦,@蔡岸榕,2026/1/13,,未开始,,,,,,,,,
268,系统开发,系统,数据库对象开发规范,"参考""数据库对象规范检查""sheet页
数据库对象规范检查 ",高,标准化,,@赵彦,@谭程俊,2026/1/13,,已解决待复测,,,,,,,,,
269,系统开发,系统,数据库对象开发规范,"参考""数据库对象规范检查""sheet页
数据库对象规范检查 ",高,标准化,,@赵彦,@刘洋,2026/1/13,,未开始,,,,,,,,,
270,系统开发,系统,数据库对象开发规范,"参考""数据库对象规范检查""sheet页
数据库对象规范检查 ",高,标准化,,@赵彦,@赵彦,2026/1/13,,已解决待复测,,,,,,,,,
271,系统开发,系统,数据库对象开发规范,"参考""数据库对象规范检查""sheet页
数据库对象规范检查 ",高,标准化,,@赵彦,@李朝中,2026/1/13,,已解决待复测,,,,,,,,,
272,系统开发,系统,数据库对象开发规范,"参考""数据库对象规范检查""sheet页
数据库对象规范检查 ",高,标准化,,@赵彦,@李新莲,2026/1/13,2026/1/13,已解决待复测,,,,,,,,,
273,系统开发,系统,数据库对象开发规范,"参考""数据库对象规范检查""sheet页
数据库对象规范检查 ",高,标准化,,@赵彦,@饶嘉璇,2026/1/13,2026/1/13,已解决待复测,,,,,,,,,
274,内部测试,dwd,dwd_产品单位成本计算,新增一张后台表，将每个测算的过程值存放进去，用于数据核对,高,功能调整,,@邵炜杰,@李朝中,2026/1/13,,已完成,,"@邵炜杰
dwd.dwd_co_product_unit_cost_df_view:存储计算依赖的源因子分子分母",,,,,,,
275,内部测试,报表,主数据-各系统账号信息填报表调整修改,"1.不可填写的部分与可填写部分需要不同颜色区分
2.账号类型字段直接存在MYSql即可，实现实时显示
3.【员工状态（HLY专用）】、【是否供应商（MES专用）】、【员工状态（EAM专用）】三个字段的值改为字符串而不是数值，且字段名的引号去掉",高,开发问题,,@郑日天,"@蔡岸榕
@赵彦",2026/1/13,,已解决待复测,,,,,,,,,
276,内部测试,dwd,dwd_产品测算成本计算,字段取数错误,高,开发问题,,@邵炜杰,@谭程俊,2026/1/13,,已完成,,,,,,,,,
277,内部测试,ods,客户主记录伙伴功能,SELECT * FROM ods.ods_sap_erp_knvp_df  WHERE kunnr= '0000001000' ;该条件查出来的数据，【parvw-合作伙伴功能】与SAP-ERP数据不一致。重新执行后也不一致,中,开发问题,,@李新莲,@李新莲,2026/1/13,2026/1/15,已完成,"1、重新执行,数据也不一致，图1
2、数据工厂查询和ODS表数据一致，图2
3、SAP前台应用了转换逻辑,如图3",,,,,,,,
278,内部测试,ods,城市的值集,SELECT * FROM ods.ods_sap_erp_t005h_df  WHERE cityc= 'A01' AND mandt='800' ;该条件查出来的数据，【spras-语言代码】与SAP-ERP数据不一致。重新执行后也不一致,中,开发问题,,@李新莲,@李新莲,2026/1/13,2026/1/15,已完成,"SAP前台应用了转换逻辑,如图2",,,,,,,,
279,内部测试,ods,地区的值集,SELECT * FROM ods.ods_sap_erp_t005u_df WHERE bland= '00' AND mandt='800' ;该条件查出来的数据，【spras-语言代码】与SAP-ERP数据不一致。重新执行后也不一致,中,开发问题,,@李新莲,@李新莲,2026/1/13,2026/1/15,已完成,"SAP前台应用了转换逻辑,如图2",,,,,,,,
280,内部测试,ods,县的值集,SELECT * FROM ods.ods_sap_erp_t005f_df  WHERE regio= '001'AND mandt='800' AND counc='101';该条件查出来的数据，【spras-语言代码】与SAP-ERP数据不一致。重新执行后也不一致,中,开发问题,,@李新莲,@李新莲,2026/1/13,2026/1/15,已完成,"SAP前台应用了转换逻辑,如图2",,,,,,,,
281,内部测试,ods,物料描述,SELECT * FROM ods.ods_sap_erp_makt_df WHERE matnr= '000000000020250329';该条件查出来的数据，【spras-语言代码】与SAP-ERP数据不一致。,中,开发问题,,@李新莲,@蔡岸榕,2026/1/14,,未开始,,,,,,,,,
282,内部测试,ods,科目主数据,SELECT * FROM ods.ods_sap_erp_skat_df WHERE saknr= '0000000100';该条件查出来的数据，【spras-语言代码】与SAP-ERP数据不一致。,中,开发问题,,@李新莲,@谭程俊,2026/1/14,2026/1/14,已完成,一样的，sap会转换,,,,,,,,
283,内部测试,ods,采购信息记录 - 一般数据,"SELECT meins,lmein,T.* FROM ods.ods_sap_erp_eina_df T WHERE infnr= '5300000000';该条件查出来的数据，【meins-采购订单的计量单位】,【lmein-基本计量单位】与SAP-ERP数据不一致。",中,开发问题,,@李新莲,@蔡岸榕,2026/1/14,,未开始,,,,,,,,,
284,,dwd,dwd_价格缺失物料信息,没有将dwd的缺失价格数据取进模型,高,开发问题,,@邵炜杰,@谭程俊,2026/1/14,2026/1/14,已解决待复测,,,,,,,,,
285,内部测试,报表,主数据-各系统账号信息状态映射表调整,主数据-各系统账号信息状态映射表，增设【系统】字段筛选器,高,方案调整,,@郑日天,"@蔡岸榕
@赵彦",2026/1/14,,已解决待复测,,,,,,,,,
286,内部测试,ods,采购凭证项目,"SELECT meins,bprme,lmein,T.* FROM ods.ods_sap_erp_ekpo_df T WHERE ebeln= '5000000001' ;该条件查出来的数据，【meins-采购订单单位】,【lmein-基本计量单位】，【bprme-订单价格单位】与SAP-ERP数据不一致。",中,开发问题,,@李新莲,@蔡岸榕,2026/1/14,,未开始,,,,,,,,,
287,内部测试,ods,STKO【BOM表头】,SELECT * FROM ods.ods_sap_erp_stko_df  WHERE stlnr= '00000001';该条件查出来的数据，【guidx-BOM抬头更改状态全局标识】与SAP-ERP数据不一致。,中,开发问题,,@李新莲,@谭程俊,2026/1/14,2026/1/14,已完成,二进制转十六进制字符串,采集字段加HEX(guidx)解决,,,,,,,
288,内部测试,ods,产品/模组类型,SELECT * FROM ods.ods_sap_erp_zpp019m_df  WHERE bstnk= '12345';【zarea-总面积】与SAP-ERP数据不一致，小数位少了。同时检查下其他数值字段的精度,中,开发问题,,@李新莲,@李朝中,2026/1/14,2026/1/14,已完成,浮点数类型字段精度问题,,,,,,,,
289,内部测试,ods,HR 主记录: 信息类型 0002 (人员数据),"SELECT sprsl,T.* FROM ods.ods_sap_erp_pa0002_df  T WHERE pernr= '00000001';【sprsl-通讯语言】与SAP-ERP数据不一致",中,无,,@李新莲,@李朝中,2026/1/14,2026/1/14,已完成,,与数据源库表数据一致，不是数据采集问题,,,,,,,
290,内部测试,ods,渠道新抛转：销售订单抛转信息,SELECT * FROM ods.ods_sap_erp_zsd124va_df  WHERE ovbeln= '0000107756';【ip_rate-价格比】与SAP-ERP数据不一致，小数位少了。同时检查下其他数值字段的精度,中,开发问题,,@李新莲,@李朝中,2026/1/14,2026/1/14,已完成,浮点数类型字段精度问题,,,,,,,,
291,内部测试,报表,填报控制,"《周计划录入表》增加控制：历史周已录入数据不可修改
判断日期筛选器日期所在周数<系统日期所在周数时整表不可填，只读",中,优化项,,@佘伟萍,@刘洋,2026/1/14,,暂挂,,,,,,,,,
292,内部测试,报表,产品最高测算成本展示表调整,高亮设置，应该高亮几个测算成本中最高的测算成本,高,开发问题,,@邵炜杰,"@蔡岸榕
@赵彦",2026/1/14,,已解决待复测,,,,,,,,,
293,内部测试,报表,产品测算成本展示表数据未录入,CIP00-Y0000540编码应该是有数据的但是显示是0,高,开发问题,,@邵炜杰,"@蔡岸榕
@赵彦",2026/1/14,,已解决待复测,,,,,,,,,
294,内部测试,报表,产品测算成本明细表重复数据,该表跳转后存在重复数据,高,开发问题,,@邵炜杰,"@蔡岸榕
@赵彦",2026/1/14,,暂挂,可能是中台数据模型问题,,,,,,,,
295,内部测试,dwd,dwd_物料价格计算,仅针对BOM中使用的物料和替代规则中使用的物料，才需要进行价格的计算，新增源表和筛选条件,高,功能调整,,@邵炜杰,@李朝中,2026/1/15,,已解决待复测,,,,,,,,,
296,内部测试,报表,主数据-各系统账号信息填报表错误,"1.【系统账号名称】字段错误，录入的是账号
2.【账号】字段的值改为字符串而不是数值，没有小数点后两位",高,开发问题,,@郑日天,"@蔡岸榕
@赵彦",2026/1/15,,已完成,,,,,,,,,
297,内部测试,报表,dwd_各系统用户展示表、ods_bi_主数据-各系统账号信息填报表增设字段,dwd_各系统用户展示表、ods_bi_主数据-各系统账号信息填报表（ods_bi_report_mdm_account_info_submit_df）统一增设字段【映射工号】，逻辑已在各表单中存放,高,方案调整,,@郑日天,@谭程俊,2026/1/15,2026/1/15,已解决待复测,,,,,,,,,
298,内部测试,报表,主数据-各系统账号信息填报表修改调整,SRM系统的【企业slw账号（SRM专用）】、【账号】字段改为字符串而不是数值（没有小数位数）,高,开发问题,,@郑日天,"@蔡岸榕
@赵彦",2026/1/15,,已完成,,,,,,,,,
299,内部测试,报表,主数据-各系统账号信息填报表及其后台表增设字段,主数据-各系统账号信息填报表增设字段【映射工号】，逻辑已在各表单中存放,高,方案调整,,@郑日天,"@蔡岸榕
@赵彦",2026/1/15,,未开始,,,,,,,,,
300,内部测试,dm,dm_周报实际数,新增半年累计实际部分指标，用于后续目标值滚动计算使用,高,设计未考虑全面,,@吴美琪,@谭程俊,2026/1/15,,已完成,,,,,,,,,
301,内部测试,报表,Sparts市场价与系数填报表,商设维护Spart对应的原材料毛利系数，不按照Spart编码维护毛利系数，原报表字段调整、取数逻辑调整,高,方案调整,,@邵炜杰,"@蔡岸榕
@赵彦",2026/1/15,,未开始,,,,,,,,,
302,内部测试,ods,制费率填报表,ods表缺少字段【product_mcm_type】,高,开发问题,,@邵炜杰,@李新莲,2026/1/15,,已完成,,,,,,,,,
303,内部测试,dwd,dwd_产品成本计算参数,2020工厂数据未正确获取,高,"开发问题,功能调整",,@邵炜杰,@李朝中,2026/1/15,,已完成,主键冲突，随机取数导致数据错误,增加取供货比例的筛选条件,,,,,,,
304,内部测试,dwd,dwd_业绩分配比例,对于数据为空格的字段转换为'',高,源系统数据质量,,@吴美琪,@谭程俊,2026/1/15,,已完成,,,,,,,,,
305,内部测试,报表,基准价模块所有报表,填报表参考指标录入表设置按钮，所有填报表都需要将上方【增加记录】按钮隐藏,高,功能调整,,@邵炜杰,"@蔡岸榕
@赵彦",2026/1/15,2026/1/16,已解决待复测,,,,,,,,,
306,内部测试,报表,产品测算成本明细表,下拉筛选中展示的字段错误，出现了非该产品的替代信息,高,开发问题,,@邵炜杰,"@蔡岸榕
@赵彦",2026/1/15,,未开始,,,,,,,,,
307,,,,,,,,,,,,,,,,,,,,,
308,,,,,,,,,,,,,,,,,,,,,
309,,,,,,,,,,,,,,,,,,,,,
310,,,,,,,,,,,,,,,,,,,,,
311,,,,,,,,,,,,,,,,,,,,,
312,,,,,,,,,,,,,,,,,,,,,
313,,,,,,,,,,,,,,,,,,,,,
314,,,,,,,,,,,,,,,,,,,,,
315,,,,,,,,,,,,,,,,,,,,,
316,,,,,,,,,,,,,,,,,,,,,
317,,,,,,,,,,,,,,,,,,,,,
318,,,,,,,,,,,,,,,,,,,,,
319,,,,,,,,,,,,,,,,,,,,,
320,,,,,,,,,,,,,,,,,,,,,
321,,,,,,,,,,,,,,,,,,,,,
322,,,,,,,,,,,,,,,,,,,,,
323,,,,,,,,,,,,,,,,,,,,,
324,内部测试,,,,,,,,,,,,,,,,,,,,
,,,,,,,,,,,,,,,,,,,,,
,,,,,,,,,,,,,,,,,,,,,
,,,,,,,,,,,,,,,,,,,,,
,,,,,,,,,,,,,,,,,,,,,
,,,,,,,,,,,,,,,,,,,,,
,,,,,,,,,,,,,,,,,,,,,
,,,,,,,,,,,,,,,,,,,,,
,,,,,,,,,,,,,,,,,,,,,
,,,,,,,,,,,,,,,,,,,,,
,,,,,,,,,,,,,,,,,,,,,
,,,,,,,,,,,,,,,,,,,,,
,,,,,,,,,,,,,,,,,,,,,
,,,,,,,,,,,,,,,,,,,,,
,,,,,,,,,,,,,,,,,,,,,
,,,,,,,,,,,,,,,,,,,,,
,,,,,,,,,,,,,,,,,,,,,
,,,,,,,,,,,,,,,,,,,,,
,,,,,,,,,,,,,,,,,,,,,
,,,,,,,,,,,,,,,,,,,,,
,,,,,,,,,,,,,,,,,,,,,
,,,,,,,,,,,,,,,,,,,,,
,,,,,,,,,,,,,,,,,,,,,
,,,,,,,,,,,,,,,,,,,,,
,,,,,,,,,,,,,,,,,,,,,
,,,,,,,,,,,,,,,,,,,,,
,,,,,,,,,,,,,,,,,,,,,
,,,,,,,,,,,,,,,,,,,,,
,,,,,,,,,,,,,,,,,,,,,
,,,,,,,,,,,,,,,,,,,,,
,,,,,,,,,,,,,,,,,,,,,
,,,,,,,,,,,,,,,,,,,,,
,,,,,,,,,,,,,,,,,,,,,
,,,,,,,,,,,,,,,,,,,,,
,,,,,,,,,,,,,,,,,,,,,
,,,,,,,,,,,,,,,,,,,,,
,,,,,,,,,,,,,,,,,,,,,
,,,,,,,,,,,,,,,,,,,,,
,,,,,,,,,,,,,,,,,,,,,
,,,,,,,,,,,,,,,,,,,,,
,,,,,,,,,,,,,,,,,,,,,
,,,,,,,,,,,,,,,,,,,,,
,,,,,,,,,,,,,,,,,,,,,
,,,,,,,,,,,,,,,,,,,,,
,,,,,,,,,,,,,,,,,,,,,
,,,,,,,,,,,,,,,,,,,,,
,,,,,,,,,,,,,,,,,,,,,
,,,,,,,,,,,,,,,,,,,,,
,,,,,,,,,,,,,,,,,,,,,
,,,,,,,,,,,,,,,,,,,,,
,,,,,,,,,,,,,,,,,,,,,
,,,,,,,,,,,,,,,,,,,,,
,,,,,,,,,,,,,,,,,,,,,
,,,,,,,,,,,,,,,,,,,,,
,,,,,,,,,,,,,,,,,,,,,
,,,,,,,,,,,,,,,,,,,,,
,,,,,,,,,,,,,,,,,,,,,
,,,,,,,,,,,,,,,,,,,,,
,,,,,,,,,,,,,,,,,,,,,
,,,,,,,,,,,,,,,,,,,,,
,,,,,,,,,,,,,,,,,,,,,
,,,,,,,,,,,,,,,,,,,,,
,,,,,,,,,,,,,,,,,,,,,
,,,,,,,,,,,,,,,,,,,,,
,,,,,,,,,,,,,,,,,,,,,
,,,,,,,,,,,,,,,,,,,,,
,,,,,,,,,,,,,,,,,,,,,
,,,,,,,,,,,,,,,,,,,,,
,,,,,,,,,,,,,,,,,,,,,
,,,,,,,,,,,,,,,,,,,,,
,,,,,,,,,,,,,,,,,,,,,
,,,,,,,,,,,,,,,,,,,,,
,,,,,,,,,,,,,,,,,,,,,
,,,,,,,,,,,,,,,,,,,,,
,,,,,,,,,,,,,,,,,,,,,
,,,,,,,,,,,,,,,,,,,,,
,,,,,,,,,,,,,,,,,,,,,
,,,,,,,,,,,,,,,,,,,,,
,,,,,,,,,,,,,,,,,,,,,
,,,,,,,,,,,,,,,,,,,,,
,,,,,,,,,,,,,,,,,,,,,
,,,,,,,,,,,,,,,,,,,,,
,,,,,,,,,,,,,,,,,,,,,
,,,,,,,,,,,,,,,,,,,,,
,,,,,,,,,,,,,,,,,,,,,
,,,,,,,,,,,,,,,,,,,,,
,,,,,,,,,,,,,,,,,,,,,
,,,,,,,,,,,,,,,,,,,,,
,,,,,,,,,,,,,,,,,,,,,
,,,,,,,,,,,,,,,,,,,,,
,,,,,,,,,,,,,,,,,,,,,
,,,,,,,,,,,,,,,,,,,,,
,,,,,,,,,,,,,,,,,,,,,
,,,,,,,,,,,,,,,,,,,,,
,,,,,,,,,,,,,,,,,,,,,
,,,,,,,,,,,,,,,,,,,,,
,,,,,,,,,,,,,,,,,,,,,
,,,,,,,,,,,,,,,,,,,,,
,,,,,,,,,,,,,,,,,,,,,
,,,,,,,,,,,,,,,,,,,,,
,,,,,,,,,,,,,,,,,,,,,
,,,,,,,,,,,,,,,,,,,,,
,,,,,,,,,,,,,,,,,,,,,
,,,,,,,,,,,,,,,,,,,,,
,,,,,,,,,,,,,,,,,,,,,
,,,,,,,,,,,,,,,,,,,,,
,,,,,,,,,,,,,,,,,,,,,
,,,,,,,,,,,,,,,,,,,,,
,,,,,,,,,,,,,,,,,,,,,
,,,,,,,,,,,,,,,,,,,,,
,,,,,,,,,,,,,,,,,,,,,
,,,,,,,,,,,,,,,,,,,,,
,,,,,,,,,,,,,,,,,,,,,
,,,,,,,,,,,,,,,,,,,,,
,,,,,,,,,,,,,,,,,,,,,
,,,,,,,,,,,,,,,,,,,,,
,,,,,,,,,,,,,,,,,,,,,
,,,,,,,,,,,,,,,,,,,,,
,,,,,,,,,,,,,,,,,,,,,
,,,,,,,,,,,,,,,,,,,,,
,,,,,,,,,,,,,,,,,,,,,
,,,,,,,,,,,,,,,,,,,,,
,,,,,,,,,,,,,,,,,,,,,
,,,,,,,,,,,,,,,,,,,,,
,,,,,,,,,,,,,,,,,,,,,
,,,,,,,,,,,,,,,,,,,,,
,,,,,,,,,,,,,,,,,,,,,
,,,,,,,,,,,,,,,,,,,,,
,,,,,,,,,,,,,,,,,,,,,
,,,,,,,,,,,,,,,,,,,,,
,,,,,,,,,,,,,,,,,,,,,
,,,,,,,,,,,,,,,,,,,,,
,,,,,,,,,,,,,,,,,,,,,
,,,,,,,,,,,,,,,,,,,,,
,,,,,,,,,,,,,,,,,,,,,
,,,,,,,,,,,,,,,,,,,,,
,,,,,,,,,,,,,,,,,,,,,
,,,,,,,,,,,,,,,,,,,,,
,,,,,,,,,,,,,,,,,,,,,
,,,,,,,,,,,,,,,,,,,,,
,,,,,,,,,,,,,,,,,,,,,
,,,,,,,,,,,,,,,,,,,,,
,,,,,,,,,,,,,,,,,,,,,
,,,,,,,,,,,,,,,,,,,,,
,,,,,,,,,,,,,,,,,,,,,
,,,,,,,,,,,,,,,,,,,,,
,,,,,,,,,,,,,,,,,,,,,
,,,,,,,,,,,,,,,,,,,,,
,,,,,,,,,,,,,,,,,,,,,
,,,,,,,,,,,,,,,,,,,,,
,,,,,,,,,,,,,,,,,,,,,
,,,,,,,,,,,,,,,,,,,,,
,,,,,,,,,,,,,,,,,,,,,
,,,,,,,,,,,,,,,,,,,,,
,,,,,,,,,,,,,,,,,,,,,
,,,,,,,,,,,,,,,,,,,,,
,,,,,,,,,,,,,,,,,,,,,
,,,,,,,,,,,,,,,,,,,,,
,,,,,,,,,,,,,,,,,,,,,
,,,,,,,,,,,,,,,,,,,,,
,,,,,,,,,,,,,,,,,,,,,
,,,,,,,,,,,,,,,,,,,,,
,,,,,,,,,,,,,,,,,,,,,
,,,,,,,,,,,,,,,,,,,,,
,,,,,,,,,,,,,,,,,,,,,
,,,,,,,,,,,,,,,,,,,,,
,,,,,,,,,,,,,,,,,,,,,
,,,,,,,,,,,,,,,,,,,,,
,,,,,,,,,,,,,,,,,,,,,
,,,,,,,,,,,,,,,,,,,,,
,,,,,,,,,,,,,,,,,,,,,
,,,,,,,,,,,,,,,,,,,,,
,,,,,,,,,,,,,,,,,,,,,
,,,,,,,,,,,,,,,,,,,,,
,,,,,,,,,,,,,,,,,,,,,
,,,,,,,,,,,,,,,,,,,,,
,,,,,,,,,,,,,,,,,,,,,
,,,,,,,,,,,,,,,,,,,,,
,,,,,,,,,,,,,,,,,,,,,
,,,,,,,,,,,,,,,,,,,,,
,,,,,,,,,,,,,,,,,,,,,
,,,,,,,,,,,,,,,,,,,,,
,,,,,,,,,,,,,,,,,,,,,
,,,,,,,,,,,,,,,,,,,,,
,,,,,,,,,,,,,,,,,,,,,
,,,,,,,,,,,,,,,,,,,,,
,,,,,,,,,,,,,,,,,,,,,
,,,,,,,,,,,,,,,,,,,,,
,,,,,,,,,,,,,,,,,,,,,
,,,,,,,,,,,,,,,,,,,,,
,,,,,,,,,,,,,,,,,,,,,
,,,,,,,,,,,,,,,,,,,,,
,,,,,,,,,,,,,,,,,,,,,
,,,,,,,,,,,,,,,,,,,,,
,,,,,,,,,,,,,,,,,,,,,
