<?xml version="1.0" encoding="UTF-8"?>
<configuration>
	<!--日志配置 -->
	<property name="LOG_BASE" value="/home/server/logs" />
	<property name="PROJECT_NAME" value="loverent-oneservice-center" />
	<property name="LOG_BACK_DIR" value="${LOG_BASE}/${PROJECT_NAME}" />
	<springProperty scope="context" name="aizujiemail.addr" source="aizujiemail.addr"/>

	<!-- 定义发送邮件参数 -->
	<property name="smtpHost" value="smtp.woaifenqi.net"/>
	<property name="smtpPort" value="465"/>
	<property name="username" value="aliyunbeian@woaifenqi.net"/>
	<property name="password" value="ALYba@123$%^"/>
	<property name="SSL" value="true"/>
	<property name="email_to" value="${aizujiemail.addr}"/>
	<property name="email_from" value="aliyunbeian@woaifenqi.net"/>
	<property name="email_subject" value="【microservice-loverent-risk-data服务】: %logger"/>

	<!-- 记录日志机器名 -->
	<conversionRule conversionWord="machineName" converterClass="com.gztec.base.logger.LogMachineNameConvert" />

	<!-- logback 工程的日志配置 -->
	<appender name="ERROR_ROLLING"
		class="ch.qos.logback.core.rolling.RollingFileAppender">
		<file>${LOG_BACK_DIR}/error.log</file>
		<rollingPolicy
			class="ch.qos.logback.core.rolling.SizeAndTimeBasedRollingPolicy">
			<fileNamePattern>${LOG_BACK_DIR}/error_%d{yyyyMMdd}.%i.log.gz
			</fileNamePattern>
			<maxFileSize>100MB</maxFileSize>
			<maxHistory>20</maxHistory>
			<totalSizeCap>2100MB</totalSizeCap>
		</rollingPolicy>
		<encoder>
			<pattern>
				%d{yyyy-MM-dd HH:mm:ss} [%p][%t][%c][%M][%L]-> %m%n
			</pattern>
			<charset>UTF-8</charset>
		</encoder>
		<filter class="ch.qos.logback.classic.filter.LevelFilter">
			<level>ERROR</level>
			<onMatch>ACCEPT</onMatch>
			<onMismatch>DENY</onMismatch>
		</filter>
	</appender>
	<appender name="WARN_ROLLING"
		class="ch.qos.logback.core.rolling.RollingFileAppender">
		<file>${LOG_BACK_DIR}/warn.log</file>
		<rollingPolicy
			class="ch.qos.logback.core.rolling.SizeAndTimeBasedRollingPolicy">
			<fileNamePattern>${LOG_BACK_DIR}/warn_%d{yyyyMMdd}.%i.log.gz
			</fileNamePattern>
			<maxFileSize>100MB</maxFileSize>
			<maxHistory>20</maxHistory>
			<totalSizeCap>2100MB</totalSizeCap>
		</rollingPolicy>
		<encoder>
			<pattern>
				%d{yyyy-MM-dd HH:mm:ss} [%p][%t][%c][%M][%L]-> %m%n
			</pattern>
			<charset>UTF-8</charset>
		</encoder>
		<filter class="ch.qos.logback.classic.filter.LevelFilter">
			<level>WARN</level>
			<onMatch>ACCEPT</onMatch>
			<onMismatch>DENY</onMismatch>
		</filter>
	</appender>

   
	<appender name="INFO_ROLLING"
		class="ch.qos.logback.core.rolling.RollingFileAppender">
		<file>${LOG_BACK_DIR}/info.log</file>
		<rollingPolicy
			class="ch.qos.logback.core.rolling.SizeAndTimeBasedRollingPolicy">
			<fileNamePattern>${LOG_BACK_DIR}/info_%d{yyyyMMdd}.%i.log.gz
			</fileNamePattern>
			<maxFileSize>100MB</maxFileSize>
			<maxHistory>20</maxHistory>
			<totalSizeCap>6300MB</totalSizeCap>
		</rollingPolicy>
		<encoder>
			<pattern>
				%d{yyyy-MM-dd HH:mm:ss} [%p][%t][%c][%M][%L]-> %m%n
			</pattern>
			<charset>UTF-8</charset>
		</encoder>
		<filter class="ch.qos.logback.classic.filter.LevelFilter">
			<level>INFO</level>
			<onMatch>ACCEPT</onMatch>
			<onMismatch>DENY</onMismatch>
		</filter>
	</appender>

	<appender name="DEBUG_ROLLING"
		class="ch.qos.logback.core.rolling.RollingFileAppender">
		<file>${LOG_BACK_DIR}/debug.log</file>
		<rollingPolicy
			class="ch.qos.logback.core.rolling.SizeAndTimeBasedRollingPolicy">
			<fileNamePattern>${LOG_BACK_DIR}/debug_%d{yyyyMMdd}.%i.log.gz
			</fileNamePattern>
			<maxFileSize>100MB</maxFileSize>
			<maxHistory>20</maxHistory>
			<totalSizeCap>6300MB</totalSizeCap>
		</rollingPolicy>
		<encoder class="ch.qos.logback.core.encoder.LayoutWrappingEncoder">
			<layout class="org.apache.skywalking.apm.toolkit.log.logback.v1.x.TraceIdPatternLogbackLayout">
				<pattern>%d{ISO8601}|%tid|%thread|%-5level|%msg%n</pattern>
			</layout>
		</encoder>
		<filter class="ch.qos.logback.classic.filter.LevelFilter">
			<level>DEBUG</level>
			<onMatch>ACCEPT</onMatch>
			<onMismatch>DENY</onMismatch>
		</filter>
	</appender>
	<appender name="TRACE_ROLLING"
		class="ch.qos.logback.core.rolling.RollingFileAppender">
		<file>${LOG_BACK_DIR}/trace.log</file>
		<rollingPolicy
			class="ch.qos.logback.core.rolling.SizeAndTimeBasedRollingPolicy">
			<fileNamePattern>${LOG_BACK_DIR}/trace_%d{yyyyMMdd}.%i.log.gz
			</fileNamePattern>
			<maxFileSize>100MB</maxFileSize>
			<maxHistory>20</maxHistory>
			<totalSizeCap>2100MB</totalSizeCap>
		</rollingPolicy>
		<encoder>
			<pattern>
				%d{yyyy-MM-dd HH:mm:ss} [%p][%t][%c][%M][%L]-> %m%n
			</pattern>
			<charset>UTF-8</charset>
		</encoder>
		<filter class="ch.qos.logback.classic.filter.LevelFilter">
			<level>TRACE</level>
			<onMatch>ACCEPT</onMatch>
			<onMismatch>DENY</onMismatch>
		</filter>
	</appender>
	<!-- logback 工程的日志配置 END -->

	<!-- 发送异常邮件-->
	<appender name="EMAIL" class="ch.qos.logback.classic.net.SMTPAppender">
		<smtpHost>${smtpHost}</smtpHost>
		<smtpPort>${smtpPort}</smtpPort>
		<username>${username}</username>
		<password>${password}</password>
		<SSL>${SSL}</SSL>
		<asynchronousSending>false</asynchronousSending>
		<to>${email_to}</to>
		<from>${email_from}</from>
		<subject>${email_subject}</subject>
		<layout class="com.gztec.base.logger.HtmlLayout" >
			<pattern>%date%level%machineName%thread%logger{0}%line%message</pattern>
		</layout>
		<filter class="ch.qos.logback.core.filter.EvaluatorFilter">
			<evaluator class="ch.qos.logback.classic.boolex.JaninoEventEvaluator">
				<expression>
					if(level > WARN || null != throwable) {
					return true;
					}
					return false;
				</expression>
			</evaluator>
			<onMatch>ACCEPT</onMatch>
			<onMismatch>DENY</onMismatch>
		</filter>
	</appender>

	<logger name="org.springframework" level="WARN" />
	<logger name="com.loverent" level="DEBUG" />
	<logger name="java.sql.Connection" level="INFO" />
	<logger name="java.sql.ResultSet" level="INFO" />
	<logger name="org.apache.zookeeper.ClientCnxn" level="WARN" />
	<logger name="org.mybatis.spring.SqlSessionUtils" level="WARN" />
	<logger name="sdk.biz.err" level="OFF" />
	<logger name="com.alibaba.nacos.common" level="INFO" />
	<logger name="com.alibaba.nacos.client" level="INFO" />
	<logger name="com.ulisesbocchio.jasyptspringboot" level="INFO" />
	<!--开发环境为DEBUG等级 -->
	<root level="INFO">
		<appender-ref ref="INFO_ROLLING" />
		<appender-ref ref="DEBUG_ROLLING" />
		<appender-ref ref="ERROR_ROLLING" />
		<appender-ref ref="TRACE_ROLLING" />
		<appender-ref ref="WARN_ROLLING" />
		<appender-ref ref="EMAIL" />
	</root>
</configuration>
