<?xml version="1.0" encoding="UTF-8"?>
<!DOCTYPE mapper PUBLIC "-//mybatis.org//DTD Mapper 3.0//EN"
        "http://mybatis.org/dtd/mybatis-3-mapper.dtd">

<mapper namespace="com.loverent.center.oneservice.biz.dao.mapper.GoodsInfoMapper">


    <!-- 获取平台指标-->
    <select id="getGoodsInfo" resultType="com.loverent.center.oneservice.api.dto.response.GoodsInfoResDto">
        set @row_number = 0;
        set @model_code ='a';
        select
        goods_title as producttitle
        ,spu_img as spuimg
        ,spu_code as spucode
        ,goods_code as goodscode
        ,cate_code as typecode
        ,brand_code as brandcode
        ,model_code as modelcode
        ,cate_name as typename
        ,merchant_code as merchantcode
        ,merchant_name as merchantname
        ,merchant_type as merchantType
        ,apply_num as applycount
        ,outbound_num as outboundcount
        ,delivery_rate as deliveryrate
        ,final_score as weight
        from
        (select
        goods_title
        ,spu_img
        ,spu_code
        ,goods_code
        ,cate_code
        ,brand_code
        ,model_code
        ,cate_name
        ,merchant_code
        ,merchant_name
        ,merchant_type
        ,apply_num
        ,outbound_num
        ,delivery_rate
        ,final_score
        ,@row_number := IF(@model_code = tb2.model_code, @row_number + 1, 1) AS rn
        ,@model_code := tb2.model_code
        from
        (select
        goods_title
        ,spu_img
        ,spu_code
        ,goods_code
        ,cate_code
        ,brand_code
        ,model_code
        ,cate_name
        ,merchant_code
        ,merchant_name
        ,merchant_type
        ,apply_num
        ,outbound_num
        ,delivery_rate
        ,(if((highest_apply_num-lowest_apply_num)=0,0,((apply_num-lowest_apply_num)/(highest_apply_num-lowest_apply_num)))*(#{weight1}/100)
        +if((highest_outbound_num-lowest_outbound_num)=0,0,(outbound_num-lowest_outbound_num)/(highest_outbound_num-lowest_outbound_num))*(#{weight2}/100)
        +if((highest_delivery_rate-lowest_delivery_rate)=0,0,(delivery_rate-lowest_delivery_rate)/(highest_delivery_rate-lowest_delivery_rate))*(ifnull(#{weight3},0)/100))
        as final_score
        from
        ( select
        a.goods_title
        ,a.spu_img
        ,a.spu_code
        ,a.goods_code
        ,a.cate_code
        ,a.brand_code
        ,a.model_code
        ,a.cate_name
        ,a.merchant_code
        ,a.merchant_name
        ,a.merchant_type
        ,a.apply_num
        ,a.outbound_num
        ,a.delivery_rate
        ,b.highest_apply_num
        ,b.lowest_apply_num
        ,b.highest_outbound_num
        ,b.lowest_outbound_num
        ,b.highest_delivery_rate
        ,b.lowest_delivery_rate
        from
        (SELECT
        goods_title
        ,spu_img
        ,spu_code
        ,goods_code
        ,cate_code
        ,brand_code
        ,model_code
        ,cate_name
        ,merchant_code
        ,merchant_name
        ,merchant_type

        ,case
        when #{cycleDays1}=30 then apply_num_30d
        when #{cycleDays1}=60 then apply_num_60d
        when #{cycleDays1}=90 then apply_num_90d
        else 0
        end as apply_num

        ,case
        when #{cycleDays2}=30 then outbound_num_30d
        when #{cycleDays2}=60 then outbound_num_60d
        when #{cycleDays2}=90 then outbound_num_60d
        else 0
        end as outbound_num


        ,case
        when #{cycleDays3}=30 then delivery_rate_30d
        when #{cycleDays3}=60 then delivery_rate_60d
        when #{cycleDays3}=90 then delivery_rate_90d
        else 0
        end as delivery_rate

        from loverent_oneservice.ads_azj_activity_auto_goods_info_da
        where 1=1
        <!--        and dt= #{dateTime}-->
        and dt=(select max(dt) from loverent_oneservice.ads_azj_activity_auto_goods_info_time_config_da)
        <if test="typeCodeList != null and typeCodeList.size()>0">
            and cate_code in
            <foreach collection="typeCodeList" index="index" item="item" separator="," open="(" close=")">
                #{item}
            </foreach>
        </if>
        <!--        <if test="brandCodeList != null and brandCodeList.size()>0">-->
        <if test="brandCodeList != null and brandCodeList.size()>0">
            and brand_code in
            <foreach collection="brandCodeList" index="index" item="item" separator="," open="(" close=")">
                #{item}
            </foreach>
        </if>
        <if test="modelCodeList != null and modelCodeList.size()>0">
            and model_code in
            <foreach collection="modelCodeList" index="index" item="item" separator="," open="(" close=")">
                #{item}
            </foreach>
        </if>

        <choose>
            <when test="merchantTypeList != null and merchantTypeList.size()>0 and merchantCodeList != null and merchantCodeList.size()>0">
                and (
                merchant_type in
                <foreach collection="merchantTypeList" index="index" item="item" separator="," open="(" close=")">
                    #{item}
                </foreach>
                or merchant_code in
                <foreach collection="merchantCodeList" index="index" item="item" separator="," open="(" close=")">
                    #{item}
                </foreach>
                )
            </when>
            <when test="merchantTypeList != null and merchantTypeList.size()>0">
                and merchant_type in
                <foreach collection="merchantTypeList" index="index" item="item" separator="," open="(" close=")">
                    #{item}
                </foreach>
            </when>
            <when test="merchantCodeList != null and merchantCodeList.size()>0">
                and merchant_code in
                <foreach collection="merchantCodeList" index="index" item="item" separator="," open="(" close=")">
                    #{item}
                </foreach>
            </when>
            <otherwise></otherwise>
        </choose>


        <if test="leaseMoldCodeList != null and leaseMoldCodeList.size()>0">
            and lease_mold_code in
            <foreach collection="leaseMoldCodeList" index="index" item="item" separator="," open="(" close=")">
                #{item}
            </foreach>
        </if>
        <if test="newConfigIdList != null and newConfigIdList.size()>0">
            and
            <foreach collection="newConfigIdList" index="index" item="item" open="(" close=")">
                <if test="index != 0">
                    or
                </if>
                <if test="item == 1">
                    is_new_all=1
                </if>
                <if test="item == 2">
                    is_new_99=1
                </if>
                <if test="item == 3">
                    is_new_95=1
                </if>
                <if test="item == 4">
                    is_new_90=1
                </if>
                <if test="item == 5">
                    is_new_quasi=1
                </if>
                <if test="item == 6">
                    is_new_80=1
                </if>
                <if test="item == 7">
                    is_new_70=1
                </if>
            </foreach>

        </if>
        <if test="leaseTermTypeList != null and leaseTermTypeList.size()>0">
            and
            <foreach collection="leaseTermTypeList" index="index" item="item" open="(" close=")">
                <if test="index != 0">
                    or
                </if>
                <if test="item == 1">
                    is_long_lease=1
                </if>
                <if test="item == 2">
                    is_short_lease=1
                </if>
            </foreach>
        </if>
        <if test="discountTypeList != null and discountTypeList.size()>0">
            and
            <foreach collection="discountTypeList" index="index" item="item" open="(" close=")">
                <if test="index != 0">
                    or
                </if>
                <if test="item == 1">
                    is_down_payment_rent_coupon=1
                </if>
                <if test="item == 2">
                    is_rental_repayment_coupon=1
                </if>
                <if test="item == 3">
                    is_buyout_coupon=1
                </if>
                <if test="item == 5">
                    is_extend_return_coupon=1
                </if>
                <if test="item == 6">
                    is_total_rent_coupon=1
                </if>
            </foreach>

        </if>
        ) as a
        left join
        (SELECT
        max(case
        when #{cycleDays1}=30 then apply_num_30d
        when #{cycleDays1}=60 then apply_num_60d
        when #{cycleDays1}=90 then apply_num_90d
        else 0
        end) as highest_apply_num
        ,min(case
        when #{cycleDays1}=30 then apply_num_30d
        when #{cycleDays1}=60 then apply_num_60d
        when #{cycleDays1}=90 then apply_num_90d
        else 0
        end) as lowest_apply_num
        ,max(case
        when #{cycleDays2}=30 then outbound_num_30d
        when #{cycleDays2}=60 then outbound_num_60d
        when #{cycleDays2}=90 then outbound_num_90d
        else 0
        end) as highest_outbound_num
        ,min(case
        when #{cycleDays2}=30 then outbound_num_30d
        when #{cycleDays2}=60 then outbound_num_60d
        when #{cycleDays2}=90 then outbound_num_90d
        else 0
        end)as lowest_outbound_num
        ,max(case
        when #{cycleDays3}=30 then delivery_rate_30d
        when #{cycleDays3}=60 then delivery_rate_60d
        when #{cycleDays3}=90 then delivery_rate_90d
        else 0
        end) as highest_delivery_rate
        ,min(case
        when #{cycleDays3}=30 then delivery_rate_30d
        when #{cycleDays3}=60 then delivery_rate_60d
        when #{cycleDays3}=90 then delivery_rate_90d
        else 0
        end)as lowest_delivery_rate
        from loverent_oneservice.ads_azj_activity_auto_goods_info_da
        where 1=1
        <!--        and dt= #{dateTime}-->
        and dt=(select max(dt) from loverent_oneservice.ads_azj_activity_auto_goods_info_time_config_da)
        <if test="typeCodeList != null and typeCodeList.size()>0">
            and cate_code in
            <foreach collection="typeCodeList" index="index" item="item" separator="," open="(" close=")">
                #{item}
            </foreach>
        </if>
        <!--        <if test="brandCodeList != null and brandCodeList.size()>0">-->
        <if test="brandCodeList != null and brandCodeList.size()>0">
            and brand_code in
            <foreach collection="brandCodeList" index="index" item="item" separator="," open="(" close=")">
                #{item}
            </foreach>
        </if>
        <if test="modelCodeList != null and modelCodeList.size()>0">
            and model_code in
            <foreach collection="modelCodeList" index="index" item="item" separator="," open="(" close=")">
                #{item}
            </foreach>
        </if>

        <choose>
            <when test="merchantTypeList != null and merchantTypeList.size()>0 and merchantCodeList != null and merchantCodeList.size()>0">
                and (
                merchant_type in
                <foreach collection="merchantTypeList" index="index" item="item" separator="," open="(" close=")">
                    #{item}
                </foreach>
                or merchant_code in
                <foreach collection="merchantCodeList" index="index" item="item" separator="," open="(" close=")">
                    #{item}
                </foreach>
                )
            </when>
            <when test="merchantTypeList != null and merchantTypeList.size()>0">
                and merchant_type in
                <foreach collection="merchantTypeList" index="index" item="item" separator="," open="(" close=")">
                    #{item}
                </foreach>
            </when>
            <when test="merchantCodeList != null and merchantCodeList.size()>0">
                and merchant_code in
                <foreach collection="merchantCodeList" index="index" item="item" separator="," open="(" close=")">
                    #{item}
                </foreach>
            </when>
            <otherwise></otherwise>
        </choose>


        <if test="leaseMoldCodeList != null and leaseMoldCodeList.size()>0">
            and lease_mold_code in
            <foreach collection="leaseMoldCodeList" index="index" item="item" separator="," open="(" close=")">
                #{item}
            </foreach>
        </if>
        <if test="newConfigIdList != null and newConfigIdList.size()>0">
            and
            <foreach collection="newConfigIdList" index="index" item="item" open="(" close=")">
                <if test="index != 0">
                    or
                </if>
                <if test="item == 1">
                    is_new_all=1
                </if>
                <if test="item == 2">
                    is_new_99=1
                </if>
                <if test="item == 3">
                    is_new_95=1
                </if>
                <if test="item == 4">
                    is_new_90=1
                </if>
                <if test="item == 5">
                    is_new_quasi=1
                </if>
                <if test="item == 6">
                    is_new_80=1
                </if>
                <if test="item == 7">
                    is_new_70=1
                </if>
            </foreach>

        </if>
        <if test="leaseTermTypeList != null and leaseTermTypeList.size()>0">
            and
            <foreach collection="leaseTermTypeList" index="index" item="item" open="(" close=")">
                <if test="index != 0">
                    or
                </if>
                <if test="item == 1">
                    is_long_lease=1
                </if>
                <if test="item == 2">
                    is_short_lease=1
                </if>
            </foreach>

        </if>
        <if test="discountTypeList != null and discountTypeList.size()>0">
            and
            <foreach collection="discountTypeList" index="index" item="item" open="(" close=")">
                <if test="index != 0">
                    or
                </if>
                <if test="item == 1">
                    is_down_payment_rent_coupon=1
                </if>
                <if test="item == 2">
                    is_rental_repayment_coupon=1
                </if>
                <if test="item == 3">
                    is_buyout_coupon=1
                </if>
                <if test="item == 5">
                    is_extend_return_coupon=1
                </if>
                <if test="item == 6">
                    is_total_rent_coupon=1
                </if>
            </foreach>

        </if>
        ) as b
        on 1=1
        ) as tb1
        ) as tb2
        order by model_code,final_score desc
        ) as tb3
        where rn=1
        order by final_score desc
        limit 500
    </select>

    <!-- 获取平台指标-->
    <select id="getGoodsInfoCount" resultType="com.loverent.center.oneservice.api.dto.response.GoodsInfoCountResDto">
        SELECT count(distinct model_code) as goodsNums
        from ads_azj_activity_auto_goods_info_da
        where 1=1
        <!--        and dt= #{dateTime}-->
        and dt=(select max(dt) from loverent_oneservice.ads_azj_activity_auto_goods_info_time_config_da)
        <if test="typeCodeList != null and typeCodeList.size()>0">
            and cate_code in
            <foreach collection="typeCodeList" index="index" item="item" separator="," open="(" close=")">
                #{item}
            </foreach>
        </if>
        <if test="brandCodeList != null and brandCodeList.size()>0">
            and brand_code in
            <foreach collection="brandCodeList" index="index" item="item" separator="," open="(" close=")">
                #{item}
            </foreach>
        </if>
        <if test="modelCodeList != null and modelCodeList.size()>0">
            and model_code in
            <foreach collection="modelCodeList" index="index" item="item" separator="," open="(" close=")">
                #{item}
            </foreach>
        </if>

        <choose>
            <when test="merchantTypeList != null and merchantTypeList.size()>0 and merchantCodeList != null and merchantCodeList.size()>0">
                and (
                merchant_type in
                <foreach collection="merchantTypeList" index="index" item="item" separator="," open="(" close=")">
                    #{item}
                </foreach>
                or merchant_code in
                <foreach collection="merchantCodeList" index="index" item="item" separator="," open="(" close=")">
                    #{item}
                </foreach>
                )
            </when>
            <when test="merchantTypeList != null and merchantTypeList.size()>0">
                and merchant_type in
                <foreach collection="merchantTypeList" index="index" item="item" separator="," open="(" close=")">
                    #{item}
                </foreach>
            </when>
            <when test="merchantCodeList != null and merchantCodeList.size()>0">
                and merchant_code in
                <foreach collection="merchantCodeList" index="index" item="item" separator="," open="(" close=")">
                    #{item}
                </foreach>
            </when>
            <otherwise></otherwise>
        </choose>


        <if test="leaseMoldCodeList != null and leaseMoldCodeList.size()>0">
            and lease_mold_code in
            <foreach collection="leaseMoldCodeList" index="index" item="item" separator="," open="(" close=")">
                #{item}
            </foreach>
        </if>
        <if test="newConfigIdList != null and newConfigIdList.size()>0">
            and
            <foreach collection="newConfigIdList" index="index" item="item" open="(" close=")">
                <if test="index != 0">
                    or
                </if>
                <if test="item == 1">
                    is_new_all=1
                </if>
                <if test="item == 2">
                    is_new_99=1
                </if>
                <if test="item == 3">
                    is_new_95=1
                </if>
                <if test="item == 4">
                    is_new_90=1
                </if>
                <if test="item == 5">
                    is_new_quasi=1
                </if>
                <if test="item == 6">
                    is_new_80=1
                </if>
                <if test="item == 7">
                    is_new_70=1
                </if>
            </foreach>

        </if>
        <if test="leaseTermTypeList != null and leaseTermTypeList.size()>0">
            and
            <foreach collection="leaseTermTypeList" index="index" item="item" open="(" close=")">
                <if test="index != 0">
                    or
                </if>
                <if test="item == 1">
                    is_long_lease=1
                </if>
                <if test="item == 2">
                    is_short_lease=1
                </if>
            </foreach>

        </if>
        <if test="discountTypeList != null and discountTypeList.size()>0">
            and
            <foreach collection="discountTypeList" index="index" item="item" open="(" close=")">
                <if test="index != 0">
                    or
                </if>
                <if test="item == 1">
                    is_down_payment_rent_coupon=1
                </if>
                <if test="item == 2">
                    is_rental_repayment_coupon=1
                </if>
                <if test="item == 3">
                    is_buyout_coupon=1
                </if>
                <if test="item == 5">
                    is_extend_return_coupon=1
                </if>
                <if test="item == 6">
                    is_total_rent_coupon=1
                </if>
            </foreach>

        </if>
        <!--        group by cate_code,brand_code,model_code-->
    </select>

</mapper>