<?xml version="1.0" encoding="UTF-8"?>
<!DOCTYPE mapper PUBLIC "-//mybatis.org//DTD Mapper 3.0//EN"
        "http://mybatis.org/dtd/mybatis-3-mapper.dtd">

<mapper namespace="com.loverent.center.oneservice.biz.dao.mapper.GoodsListMapper">

    <sql id="Hot_Column_List">
         goods_id
        ,goods_code
        ,goods_title
        ,spu_code
        ,model_name
        ,materiel_newold_config_name
        ,goods_spu_img
        ,merchant_code
        ,merchant_name
        ,merchant_type
        ,lease_mold_code
        ,lease_mold_name
        ,channel_no
        ,order_source
        ,cate_page_lv1_id
        ,cate_page_lv1_name
        ,apply_order_num_td
        ,outbound_order_30d
        ,continuously_flag
        ,apply_order_num_7d
        ,apply_order_num_7d_rk
        ,change_rk
        ,sample_goods_model_num_rk
        ,sample_goods_num_rk
        ,sku_num
    </sql>

    <sql id="New_Column_List">
        goods_id
        ,goods_code
        ,goods_title
        ,spu_code
        ,on_shelf_month
        ,model_name
        ,materiel_newold_config_name
        ,goods_spu_img
        ,merchant_code
        ,merchant_name
        ,merchant_type
        ,lease_mold_code
        ,lease_mold_name
        ,channel_no
        ,order_source
        ,cate_page_lv1_id
        ,cate_page_lv1_name
        ,apply_order_num_td
        ,outbound_order_30d
        ,continuously_flag
        ,gmv_increase
        ,gmv_increase_rk
        ,change_rk
        ,sample_goods_gmv_increase_rk
        ,sample_goods_num_rk
        ,sku_num
    </sql>

    <sql id="Price_Reduction_Column_List">
        goods_id
        ,goods_code
        ,goods_title
        ,spu_code
        ,model_name
        ,materiel_newold_config_name
        ,goods_spu_img
        ,merchant_code
        ,merchant_name
        ,merchant_type
        ,lease_mold_code
        ,lease_mold_name
        ,channel_no
        ,order_source
        ,cate_page_lv1_id
        ,cate_page_lv1_name
        ,apply_order_num_td
        ,outbound_order_30d
        ,continuously_flag
        ,total_amount
        ,coupon_total_amount
        ,total_amount-coupon_total_amount as discount_total_amount
        ,price_reduction_percentage
        ,price_reduction_percentage_rk
        ,change_rk
        ,sample_goods_price_reduction_rk
        ,sample_goods_num_rk
        ,sku_num
    </sql>


    <!-- 获取热租榜数据-->
    <select id="getGoodsHotList"  resultType="com.loverent.center.oneservice.api.dto.response.GoodsFirstPageHostListResDto">
         SELECT  <include refid="Hot_Column_List" />
           from ads_azj_marketing_hot_rent_list_da
           where 1=1
            <if test="channelNo !=null">
                and channel_No = #{channelNo}
            </if>
            <if test="catePageLv1Id !=null">
                and cate_page_lv1_id = #{catePageLv1Id}
            </if>
        <if test="goodsCode !=null and goodsCode!=''">
            and goods_code = #{goodsCode}
        </if>
        <if test="goodsTitle !=null and goodsTitle !=''">
            and goods_title LIKE CONCAT('%', #{goodsTitle}, '%')
        </if>
        <if test="spuCode !=null and spuCode!=''">
            and spu_code = #{spuCode}
        </if>
             and dt in( select max(dt) dt from ads_azj_marketing_list_time_da)
      order by sample_goods_model_num_rk
    </select>


    <!-- 获取新品榜数据-->
    <select id="getGoodsNewList"  resultType="com.loverent.center.oneservice.api.dto.response.GoodsFirstPageNewListResDto">
        SELECT  <include refid="New_Column_List" />
        from ads_azj_marketing_new_product_list_da
        where 1=1
        <if test="channelNo !=null">
            and channel_No = #{channelNo}
        </if>
        <if test="catePageLv1Id !=null">
            and cate_page_lv1_id = #{catePageLv1Id}
        </if>
        <if test="goodsCode !=null and goodsCode!=''">
            and goods_code = #{goodsCode}
        </if>
        <if test="goodsTitle !=null and goodsTitle !=''">
            and goods_title LIKE CONCAT('%', #{goodsTitle}, '%')
        </if>
        <if test="spuCode !=null and spuCode!=''">
            and spu_code = #{spuCode}
        </if>
        and dt in( select max(dt) dt from ads_azj_marketing_list_time_da)
        order by sample_goods_gmv_increase_rk
    </select>

    <!-- 获取降价榜数据-->
    <select id="getGoodsPriceReductionList"  resultType="com.loverent.center.oneservice.api.dto.response.GoodsFirstPagePriceReductionListResDto">
        SELECT  <include refid="Price_Reduction_Column_List" />
        from ads_azj_marketing_price_reduction_list_da
        where 1=1
        <if test="channelNo !=null">
            and channel_No = #{channelNo}
        </if>
        <if test="catePageLv1Id !=null">
            and cate_page_lv1_id = #{catePageLv1Id}
        </if>
        <if test="goodsCode !=null and goodsCode!=''">
            and goods_code = #{goodsCode}
        </if>
        <if test="goodsTitle !=null and goodsTitle !=''">
            and goods_title LIKE CONCAT('%', #{goodsTitle}, '%')
        </if>
        <if test="spuCode !=null and spuCode!=''">
            and spu_code = #{spuCode}
        </if>
        and dt in( select max(dt) dt from ads_azj_marketing_list_time_da)
        order by sample_goods_price_reduction_rk
    </select>



    <!-- 获取热租榜数据-->
    <select id="getManualGoodsPageHotList"  resultType="com.loverent.center.oneservice.api.dto.response.GoodsOrderHotListResDto">
        SELECT
            goods_id
            ,goods_code
            ,goods_title
            ,spu_code
            ,model_name
            ,materiel_newold_config_name
            ,goods_spu_img
            ,merchant_code
            ,merchant_name
            ,merchant_type
            ,lease_mold_code
            ,lease_mold_name
            ,channel_no
            ,order_source
            ,apply_order_num_td
            ,outbound_order_30d
            ,continuously_flag
            ,apply_order_num_7d
            ,apply_order_num_7d_rk
            ,change_rk
            ,sample_goods_model_num_rk
            ,sample_goods_num_rk
            ,sku_num
        from ads_azj_marketing_hot_rent_list_goods_da
        where 1=1
        <if test="channelNo !=null">
            and channel_No = #{channelNo}
        </if>
        <if test="goodsCode !=null and goodsCode.size()>0">
            and goods_code in
            <foreach item='item' index='index' collection='goodsCode' open='(' separator=',' close=')'>
                #{item}
            </foreach>
        </if>
        and dt in( select max(dt) dt from ads_azj_marketing_list_time_da)
    </select>


    <!-- 获取新品榜数据-->
    <select id="getManualGoodsPageNewList"  resultType="com.loverent.center.oneservice.api.dto.response.GoodsOrderNewListResDto">
        SELECT
        goods_id
        ,goods_code
        ,goods_title
        ,spu_code
        ,on_shelf_month
        ,model_name
        ,materiel_newold_config_name
        ,goods_spu_img
        ,merchant_code
        ,merchant_name
        ,merchant_type
        ,lease_mold_code
        ,lease_mold_name
        ,channel_no
        ,order_source
        ,apply_order_num_td
        ,outbound_order_30d
        ,continuously_flag
        ,gmv_increase
        ,gmv_increase_rk
        ,change_rk
        ,sample_goods_gmv_increase_rk
        ,sample_goods_num_rk
        ,sku_num
        from ads_azj_marketing_new_product_list_goods_da
        where 1=1
        <if test="channelNo !=null">
            and channel_No = #{channelNo}
        </if>
        <if test="goodsCode !=null and goodsCode.size()>0">
            and goods_code in
            <foreach item='item' index='index' collection='goodsCode' open='(' separator=',' close=')'>
                #{item}
            </foreach>
        </if>
        and dt in( select max(dt) dt from ads_azj_marketing_list_time_da)

    </select>

    <!-- 获取降价榜数据-->
    <select id="getManualGoodsPagepriceReductionList"  resultType="com.loverent.center.oneservice.api.dto.response.GoodsOrderPriceReductionListResDto">
        SELECT
        goods_id
        ,goods_code
        ,goods_title
        ,spu_code
        ,model_name
        ,materiel_newold_config_name
        ,goods_spu_img
        ,merchant_code
        ,merchant_name
        ,merchant_type
        ,lease_mold_code
        ,lease_mold_name
        ,channel_no
        ,order_source
        ,apply_order_num_td
        ,outbound_order_30d
        ,continuously_flag
        ,total_amount
        ,coupon_total_amount
        ,total_amount-coupon_total_amount as discount_total_amount
        ,price_reduction_percentage
        ,price_reduction_percentage_rk
        ,change_rk
        ,sample_goods_price_reduction_rk
        ,sample_goods_num_rk
        ,sku_num
        from ads_azj_marketing_price_reduction_list_goods_da
        where 1=1
        <if test="channelNo !=null">
            and channel_No = #{channelNo}
        </if>
        <if test="goodsCode !=null and goodsCode.size()>0">
            and goods_code in
            <foreach item='item' index='index' collection='goodsCode' open='(' separator=',' close=')'>
                #{item}
            </foreach>
        </if>
        and dt in( select max(dt) dt from ads_azj_marketing_list_time_da)

    </select>





    <!-- 获取热租榜类目信息数据-->
    <select id="getGoodsListCate"  resultType="com.loverent.center.oneservice.api.dto.response.GoodsFirstPageListCateResDto">
        SELECT
               channel_no
              ,if(cate_page_lv1_name in ('精选'),1,2) as catePageType
              ,cate_page_lv1_id
              ,cate_page_lv1_name
              ,order_source as source_order
        from ads_azj_marketing_cate_page_flat_da
        where 1=1
        <if test="channelNo !=null">
            and channel_No = #{channelNo}
        </if>
        and dt in( select max(dt) dt from ads_azj_marketing_list_time_da)
        order by sort_order
    </select>




    <!-- 获取瀑布流商品信息数据-->
    <select id="getWaterfallList"  resultType="com.loverent.center.oneservice.api.dto.response.GoodsFirstPageWaterfallListResDto">
        SELECT
        goods_id
        ,goods_code
        ,merchant_code
        ,merchant_name
        ,merchant_type
        ,channel_no
         ,list_id
         ,list_name
         ,case when list_id=1
                    then'hot'
               when list_id=2
                    then 'newon'
               when list_id=3
                    then 'pricedown'
          end  as rank_type
         ,list_sort_factor
         ,cate_page_lv1_id
         ,cate_page_lv1_name
         ,list_rk
        from ads_azj_marketing_list_top1_da
        where 1=1
        <if test="channelNo !=null">
            and channel_No = #{channelNo}
        </if>
        <if test="goodsCode !=null and goodsCode.size()>0">
            and goods_code in
            <foreach item='item' index='index' collection='goodsCode' open='(' separator=',' close=')'>
                #{item}
            </foreach>
        </if>
        <if test="listRk !=null">
            and list_rk &lt;=#{listRk}
        </if>

        and dt in( select max(dt) dt from ads_azj_marketing_list_time_da)
    </select>



    <select id="geteWaterfallGoodsNewListInfo"  resultType="com.loverent.center.oneservice.api.dto.response.BigDataRankGoodsTop50RespDto">
        SELECT
             list_sort_factor
            ,cate_page_lv1_id
            ,'newon' as rank_type
            ,goods_code
            ,list_sort_factor rank_base
            ,spu_code
        from ads_azj_marketing_list_top1_da
        where 1=1

        <if test="channelNo !=null">
            and channel_No = #{channelNo}
        </if>
        <if test="catePageLv1Id !=null and catePageLv1Id.size()>0">
            and cate_page_lv1_id in
            <foreach item='item' index='index' collection='catePageLv1Id' open='(' separator=',' close=')'>
                #{item}
            </foreach>
        </if>
        AND list_id=2
        and list_rk &lt;51
        and dt in( select max(dt) dt from ads_azj_marketing_list_time_da)
    </select>



    <select id="geteWaterfallGoodsHotListInfo"  resultType="com.loverent.center.oneservice.api.dto.response.BigDataRankGoodsTop50RespDto">
        SELECT
         list_sort_factor
        ,cate_page_lv1_id
        ,'hot' as rank_type
        ,goods_code
        ,list_sort_factor  rank_base
        ,spu_code
        from ads_azj_marketing_list_top1_da
        where 1=1
        <if test="channelNo !=null">
            and channel_No = #{channelNo}
        </if>
        <if test="catePageLv1Id !=null and catePageLv1Id.size()>0">
            and cate_page_lv1_id in
            <foreach item='item' index='index' collection='catePageLv1Id' open='(' separator=',' close=')'>
                #{item}
            </foreach>
        </if>
        AND list_id=1
        and dt in( select max(dt) dt from ads_azj_marketing_list_time_da)
        order by list_sort_factor desc
    </select>


    <select id="geteWaterfallGoodsDropListInfo"  resultType="com.loverent.center.oneservice.api.dto.response.BigDataRankGoodsTop50RespDto">
        SELECT
         list_sort_factor
        ,cate_page_lv1_id
        ,'pricedown' as rank_type
        ,goods_code
        ,list_sort_factor rank_base
        ,spu_code
        from ads_azj_marketing_list_top1_da
        where 1=1
        <if test="channelNo !=null">
            and channel_No = #{channelNo}
        </if>
        <if test="catePageLv1Id !=null and catePageLv1Id.size()>0">
            and cate_page_lv1_id in
            <foreach item='item' index='index' collection='catePageLv1Id' open='(' separator=',' close=')'>
                #{item}
            </foreach>
        </if>
        AND list_id=3
        and dt in( select max(dt) dt from ads_azj_marketing_list_time_da)
        order by list_sort_factor desc
    </select>








    <select id="getNewListMoreRankGoodsCate"  resultType="com.loverent.center.oneservice.api.dto.response.GoodsRecommendListResDto">
        SELECT
         t1.channel_no
        ,t1.cate_page_lv1_id
        ,t1.cate_page_lv1_name
        ,'newon' rank_type
        ,max(t2.apply_order_num_td) as apply_order_num_td
        ,max(t2.outbound_order_7d)  as outbound_order_7d
        ,t1.order_source
        from ads_azj_marketing_new_product_list_da t1
        left join (
        select
        cate_page_lv1_id
        ,sum(apply_order_num_td)apply_order_num_td
        ,sum(outbound_order_7d)outbound_order_7d
        from ads_azj_marketing_new_product_list_da
        where 1=1
        <if test="channelNo !=null">
            and channel_No = #{channelNo}
        </if>
        <if test="catePageLv1Id !=null and catePageLv1Id.size()>0">
            and cate_page_lv1_id in
            <foreach item='item' index='index' collection='catePageLv1Id' open='(' separator=',' close=')'>
                #{item}
            </foreach>
        </if>
        and dt in( select max(dt) dt from ads_azj_marketing_list_time_da)
        group by cate_page_lv1_id
        )t2
        on t1.cate_page_lv1_id=t2.cate_page_lv1_id
        where 1=1
        <if test="channelNo !=null">
            and t1.channel_No = #{channelNo}
        </if>
        <if test="catePageLv1Id !=null and catePageLv1Id.size()>0">
            and t1.cate_page_lv1_id in
            <foreach item='item' index='index' collection='catePageLv1Id' open='(' separator=',' close=')'>
                #{item}
            </foreach>
        </if>
        and sample_goods_gmv_increase_rk  &lt;4
        and dt in( select max(dt) dt from ads_azj_marketing_list_time_da)
        group by
          t1.channel_no
         ,t1.cate_page_lv1_id
         ,t1.cate_page_lv1_name
         ,t1.order_source
    </select>

    <select id="getHotListMoreRankGoodsCate"
            resultType="com.loverent.center.oneservice.api.dto.response.GoodsRecommendListResDto">
        SELECT
           t1.channel_no
          ,t1.cate_page_lv1_id
          ,t1.cate_page_lv1_name
          ,'hot' rank_type
          ,max(t2.apply_order_num_td) as apply_order_num_td
          ,max(t2.outbound_order_7d) as outbound_order_7d
          ,t1.order_source
        from ads_azj_marketing_hot_rent_list_da t1
        left join (
                    select cate_page_lv1_id
                          ,sum(apply_order_num_td)apply_order_num_td
                          ,sum(outbound_order_7d)outbound_order_7d
                    from ads_azj_marketing_hot_rent_list_da
                    where 1=1
                    <if test="channelNo !=null">
                        and channel_No = #{channelNo}
                    </if>
                    <if test="catePageLv1Id !=null and catePageLv1Id.size()>0">
                        and cate_page_lv1_id in
                        <foreach item='item' index='index' collection='catePageLv1Id' open='(' separator=',' close=')'>
                            #{item}
                        </foreach>
                    </if>
                    and dt in( select max(dt) dt from ads_azj_marketing_list_time_da)
                    group by cate_page_lv1_id
                   )t2
        on t1.cate_page_lv1_id=t2.cate_page_lv1_id
        where 1=1
        <if test="channelNo !=null">
            and t1.channel_No = #{channelNo}
        </if>
        <if test="catePageLv1Id !=null and catePageLv1Id.size()>0">
            and t1.cate_page_lv1_id in
            <foreach item='item' index='index' collection='catePageLv1Id' open='(' separator=',' close=')'>
                #{item}
            </foreach>
        </if>
        and t1.sample_goods_model_num_rk &lt;4
        and t1.dt in( select max(dt) dt from ads_azj_marketing_list_time_da)
        group by
            t1.channel_no
           ,t1.cate_page_lv1_id
           ,t1.cate_page_lv1_name
           ,t1.order_source
    </select>


    <select id="getPriceReductionListMoreRankGoodsCate"
            resultType="com.loverent.center.oneservice.api.dto.response.GoodsRecommendListResDto">
        SELECT
        t1.channel_no
        ,t1.cate_page_lv1_id
        ,t1.cate_page_lv1_name
        ,'pricedown' rank_type
        ,max(t2.apply_order_num_td) as apply_order_num_td
        ,max(t2.outbound_order_7d) as outbound_order_7d
        ,t1.order_source
        from ads_azj_marketing_price_reduction_list_da t1
        left join
           (
                    select cate_page_lv1_id
                    ,sum(apply_order_num_td)apply_order_num_td
                    ,sum(outbound_order_7d)outbound_order_7d
                    from ads_azj_marketing_price_reduction_list_da
                    where 1=1
                    <if test="channelNo !=null">
                        and channel_No = #{channelNo}
                    </if>
                    <if test="catePageLv1Id !=null and catePageLv1Id.size()>0">
                        and cate_page_lv1_id in
                        <foreach item='item' index='index' collection='catePageLv1Id' open='(' separator=',' close=')'>
                            #{item}
                        </foreach>
                    </if>
                    and dt in( select max(dt) dt from ads_azj_marketing_list_time_da)
                    group by cate_page_lv1_id
           )t2
        on t1.cate_page_lv1_id=t2.cate_page_lv1_id
        where 1=1
        <if test="channelNo !=null">
            and t1.channel_No = #{channelNo}
        </if>
        <if test="catePageLv1Id !=null and catePageLv1Id.size()>0">
            and t1.cate_page_lv1_id in
            <foreach item='item' index='index' collection='catePageLv1Id' open='(' separator=',' close=')'>
                #{item}
            </foreach>
        </if>
        and t1.sample_goods_price_reduction_rk &lt;4
        and t1.dt in( select max(dt) dt from ads_azj_marketing_list_time_da)
        group by
        t1.channel_no
        ,t1.cate_page_lv1_id
        ,t1.cate_page_lv1_name
        ,t1.order_source
    </select>


    <select id="getNewListMoreRankGoods"  resultType="com.loverent.center.oneservice.api.dto.response.GoodsRecommendListGoodsReqDto">
        SELECT
        cate_page_lv1_id
        ,cate_page_lv1_name
        ,goods_code
        ,spu_code
        ,goods_title
        ,lease_mold_code
        ,model_name
        ,goods_spu_img
        ,sample_goods_gmv_increase_rk sample_goods_model_num_rk
        ,change_rk
        ,''apply_order_num_td
        ,'' apply_order_num_7d
        ,on_shelf_month
        ,gmv_increase
        ,''total_amount
        ,''coupon_total_amount
        ,''price_reduction_percentage
        from ads_azj_marketing_new_product_list_da
        where 1=1
        <if test="channelNo !=null">
            and channel_No = #{channelNo}
        </if>
        <if test="catePageLv1Id !=null and catePageLv1Id.size()>0">
            and cate_page_lv1_id in
            <foreach item='item' index='index' collection='catePageLv1Id' open='(' separator=',' close=')'>
                #{item}
            </foreach>
        </if>
        and sample_goods_gmv_increase_rk  &lt;4
        and dt in( select max(dt) dt from ads_azj_marketing_list_time_da)
    </select>

    <select id="getHotListMoreRankGoods"  resultType="com.loverent.center.oneservice.api.dto.response.GoodsRecommendListGoodsReqDto">
        SELECT
        cate_page_lv1_id
        ,cate_page_lv1_name
        ,goods_code
        ,spu_code
        ,goods_title
        ,lease_mold_code
        ,model_name
        ,goods_spu_img
        ,sample_goods_model_num_rk
        ,change_rk
        ,apply_order_num_td
        ,apply_order_num_7d
        ,'' on_shelf_month
        ,'' gmv_increase
        ,''total_amount
        ,''coupon_total_amount
        ,''price_reduction_percentage
        from ads_azj_marketing_hot_rent_list_da
        where 1=1
        <if test="channelNo !=null">
            and channel_No = #{channelNo}
        </if>
        <if test="catePageLv1Id !=null and catePageLv1Id.size()>0">
            and cate_page_lv1_id in
            <foreach item='item' index='index' collection='catePageLv1Id' open='(' separator=',' close=')'>
                #{item}
            </foreach>
        </if>
        and sample_goods_model_num_rk  &lt;4
        and dt in( select max(dt) dt from ads_azj_marketing_list_time_da)
    </select>


    <select id="getPriceReductionListMoreRankGoods"  resultType="com.loverent.center.oneservice.api.dto.response.GoodsRecommendListGoodsReqDto">
        SELECT
        cate_page_lv1_id
        ,cate_page_lv1_name
        ,goods_code
        ,spu_code
        ,goods_title
        ,lease_mold_code
        ,model_name
        ,goods_spu_img
        ,sample_goods_price_reduction_rk as sample_goods_model_num_rk
        ,change_rk
        ,''apply_order_num_td
        ,''apply_order_num_7d
        ,'' on_shelf_month
        ,'' gmv_increase
        ,total_amount
        ,coupon_total_amount
        ,price_reduction_percentage
        from ads_azj_marketing_price_reduction_list_da
        where 1=1
        <if test="channelNo !=null">
            and channel_No = #{channelNo}
        </if>
        <if test="catePageLv1Id !=null and catePageLv1Id.size()>0">
            and cate_page_lv1_id in
            <foreach item='item' index='index' collection='catePageLv1Id' open='(' separator=',' close=')'>
                #{item}
            </foreach>
        </if>
        and sample_goods_price_reduction_rk  &lt;4
        and dt in( select max(dt) dt from ads_azj_marketing_list_time_da)
    </select>






</mapper>
