<?xml version="1.0" encoding="UTF-8"?>
<!DOCTYPE mapper PUBLIC "-//mybatis.org//DTD Mapper 3.0//EN"
        "http://mybatis.org/dtd/mybatis-3-mapper.dtd">

<mapper namespace="com.loverent.center.oneservice.biz.dao.mapper.MerchantListMapper">


    <sql id="Merchant_Column_List">
        merchant_code
        ,merchant_name
        ,merchant_type
        ,shop_name
        ,shop_avatar_img
        ,cate_lv1_id
        ,cate_lv1_code
        ,cate_lv1_name
        ,shop_score
        ,shop_score_rk
        ,order_total_num
        ,on_shelf_goods_num
        ,out_bound_num
        ,avg_delivery_rate
        ,customer_complaintrate
        ,avg_audit_time
        ,avg_ship_time
        ,main_product_code
        ,main_product_name main_product
    </sql>



    <!-- 获取平台指标-->
    <select id="getMerchantList"  resultType="com.loverent.center.oneservice.api.dto.response.MerchantListResDto">
        SELECT  <include refid="Merchant_Column_List" />
        from ads_azj_marketing_merchant_list_da
        where 1=1
        <if test="cateLv1Code !=null">
            and cate_lv1_code = #{cateLv1Code}
        </if>
        <if test="merchantCode !=null">
            and merchant_code = #{merchantCode}
        </if>
        and dt in( select max(dt) dt from ads_azj_marketing_list_time_da)
        order by shop_score desc
    </select>


    <select id="getMerchantGoodsNumRankList"  resultType="com.loverent.center.oneservice.api.dto.response.MerchantGoodsNumRankResDto">
        SELECT
         merchant_code
        ,merchant_name
        ,merchant_type
        ,spu_img
        ,goods_code
        ,goods_title
        ,order_num_rank
        from ads_azj_marketing_merchant_goods_top3_da
        where 1=1
        <if test="merchantCodes !=null and merchantCodes.size()>0">
            and merchant_code in
            <foreach item='item' index='index' collection='merchantCodes' open='(' separator=',' close=')'>
                #{item}
            </foreach>
        </if>
        and dt in( select max(dt) dt from ads_azj_marketing_list_time_da)
        and order_num_rank &lt; 4
        order by order_num_rank

    </select>



    <!-- 获取平台指标-->
    <select id="getMerchantCateList"  resultType="com.loverent.center.oneservice.api.dto.response.MerchantListCateResDto">
        SELECT  cate_lv1_code
               ,cate_lv1_name
               ,count(distinct merchant_code) as merchant_nums
        from ads_azj_marketing_merchant_list_da
        where  dt in( select max(dt) dt from ads_azj_marketing_list_time_da)
        group by cate_lv1_code
                ,cate_lv1_name
        order by merchant_nums desc
    </select>



    <select id="getMerchantListTop1" resultType="com.loverent.center.oneservice.api.dto.response.MerchantListResDto">
        SELECT
            merchant_code
            ,merchant_name
            ,merchant_type
            ,shop_name
            ,shop_avatar_img
            ,cate_lv1_id
            ,cate_lv1_code
            ,cate_lv1_name
            ,shop_score
            ,shop_score_rk
            ,order_total_num
            ,on_shelf_goods_num
            ,out_bound_num
            ,avg_delivery_rate
            ,customer_complaintrate
            ,avg_audit_time
            ,avg_ship_time
        from ads_azj_marketing_merchant_list_top1_da
        where 1=1
        <choose>
            <when test="merchantCode !=null and merchantCode != ''">
                and merchant_code = #{merchantCode}
            </when>
            <otherwise>
                and merchant_type=1
            </otherwise>
        </choose>
        and dt in( select max(dt) dt from ads_azj_marketing_list_time_da)
    </select>


    <select id="getMerchantListRankInfo" resultType="com.loverent.center.oneservice.api.dto.response.BigDataRankShopTop50RespDto">
        SELECT
         cate_lv1_code
        ,merchant_code
        ,merchant_type
        ,shop_score as rank_base
        from ads_azj_marketing_merchant_list_top1_da
        where 1=1
        <if test="cateLv1Code !=null and cateLv1Code.size()>0">
            and cate_lv1_code in
            <foreach item='item' index='index' collection='cateLv1Code' open='(' separator=',' close=')'>
                #{item}
            </foreach>
        </if>
        and dt in( select max(dt) dt from ads_azj_marketing_list_time_da)
        order by shop_score desc
    </select>




    <select id="getMerchantCateTop1"  resultType="com.loverent.center.oneservice.api.dto.response.MerchantListTop3ResDto">
        SELECT
        t1.cate_lv1_id
        ,t1.cate_lv1_code
        ,t1.cate_lv1_name
        ,sum(t1.order_total_num)  as order_total_num
        from ads_azj_marketing_merchant_list_da t1
        where  t1.dt in( select max(dt) dt from ads_azj_marketing_list_time_da)
        group by
        t1.cate_lv1_id
        ,t1.cate_lv1_code
        ,t1.cate_lv1_name
        order by order_total_num desc
    </select>





    <select id="getMerchantRankList"  resultType="com.loverent.center.oneservice.api.dto.response.MerchantListResDto">
        SELECT
        t1.merchant_code
        ,t1.merchant_name
        ,t1.merchant_type
        ,t1.shop_name
        ,t1.shop_avatar_img
        ,t1.cate_lv1_id
        ,t1.cate_lv1_code
        ,t1.cate_lv1_name
        ,t1.shop_score
        ,t1.shop_score_rk
        ,t1.order_total_num
        ,t1.on_shelf_goods_num
        ,t1.out_bound_num
        ,t1.avg_delivery_rate
        ,t1.customer_complaintrate
        ,t1.avg_audit_time
        ,t1.avg_ship_time
        ,t2.spu_img
        ,t1.main_product_code
        ,t1.main_product_name main_product
        from ads_azj_marketing_merchant_list_da t1
        left join (
        select * from ads_azj_marketing_merchant_goods_top3_da
        where dt in ( select max(dt) dt from ads_azj_marketing_list_time_da)
        and order_num_rank&lt;2
        ) t2
        on t1.merchant_code=t2.merchant_code
        where  t1.dt in( select max(dt) dt from ads_azj_marketing_list_time_da)
        and shop_score_rk&lt;4;


    </select>


    <select id="getMerchantInfo"  resultType="com.loverent.center.oneservice.api.dto.response.MerchantListResDto">
        SELECT
        t1.merchant_code
        ,t1.merchant_name
        ,t1.merchant_type
        ,t1.shop_name
        ,t1.shop_avatar_img
        ,t1.shop_score
        ,t1.shop_score_rk
        ,t1.order_total_num
        ,t1.on_shelf_goods_num
        ,t1.out_bound_num
        ,t1.avg_delivery_rate
        ,t1.customer_complaintrate
        ,t1.avg_audit_time
        ,t1.avg_ship_time
        ,t1.main_product_code
        ,t1.main_product_name main_product
        from ads_azj_marketing_merchant_info_da t1
        where 1=1
        <if test="merchantInfo !=null and merchantInfo.size()>0">
            and merchant_code in
            <foreach item='item' index='index' collection='merchantInfo' open='(' separator=',' close=')'>
                #{item}
            </foreach>
        </if>
         and  t1.dt in( select max(dt) dt from ads_azj_marketing_list_time_da)
    </select>



</mapper>
