<?xml version="1.0" encoding="UTF-8"?>
<!DOCTYPE mapper PUBLIC "-//mybatis.org//DTD Mapper 3.0//EN"
        "http://mybatis.org/dtd/mybatis-3-mapper.dtd">

<mapper namespace="com.loverent.center.oneservice.biz.dao.mapper.MerchantBusinessMapper">

    <sql id="Base_Column_List">
        id,
        stat_date,
        merchant_code,
        merchant_name,
        pay_ord_num_td,
        pay_ord_num_mtd,
        pay_ord_num_1d,
        outbound_ord_num_td,
        outbound_ord_num_mtd,
        outbound_ord_num_1d,
        relet_ord_num_td,
        relet_ord_rate_td,
        rentreturn_buyout_ord_num_td,
        rentreturn_outbound_ord_num_td,
        buyout_ord_rate_td,
        return_ord_num_td,
        return_ord_rate_td,
        early_return_ord_num_td,
        early_return_ord_rate_td,
        avg_buyout_ord_rate_td,
        avg_return_ord_rate_td,
        avg_relet_ord_rate_td,
        iphone_rev_ord_rate_7d,
        iphone_rev_ord_rate_th
    </sql>


    <!-- 获取店铺指标-->
    <select id="getOrderRateBymerchantCodes"  resultType="com.loverent.center.oneservice.api.dto.response.MerchantOrderRateRespDto">
        SELECT  merchant_code,
        iphone_rev_ord_rate_7d ,
        iphone_rev_ord_rate_th,
        new_mobile_rev_ord_rate_th,
        new_mobile_rev_ord_rate_7d
        from mopt_mht_td
        where stat_date = #{statDate}
        and  merchant_code in
        <foreach collection="merchantCodes" item="item" index="index" separator="," open="(" close=")">
            #{item}
        </foreach>

    </select>


    <!-- 获取店铺指标-->
    <select id="getOrderRate"  resultType="com.loverent.center.oneservice.api.dto.response.MerchantOrderRateRespDto">
         SELECT  <include refid="Base_Column_List" />
           from mopt_mht_td
           where stat_date = #{statDate}
        <if test="merchantCode !=null">
            and merchant_code = #{merchantCode}
        </if>
    limit 1
    </select>

    <!-- 获取店铺店铺最大统计时间-->
    <select id="getStatTime" resultType="java.lang.String">
        SELECT  max(stat_date) startDate
        from mopt_mht_td
        where 1=1
        <if test="merchantCode !=null">
            and merchant_code = #{merchantCode}
        </if>
    </select>


    <select id="getOptClass" resultType="com.loverent.center.oneservice.api.dto.response.OptClassRespDto">
        select  opt_class_code,opt_class_name
        from opt_class
        where delete_flag=0
      order by sort_no asc
    </select>


</mapper>
