<?xml version="1.0" encoding="UTF-8"?>
<!DOCTYPE mapper PUBLIC "-//mybatis.org//DTD Mapper 3.0//EN"
        "http://mybatis.org/dtd/mybatis-3-mapper.dtd">

<mapper namespace="com.loverent.center.oneservice.biz.dao.mapper.MoptMhtCateTdMapper">

    <sql id="Base_Column_List">
        id,
        stat_date,
        stat_period,
        stat_start_date,
        stat_end_date,
        merchant_code,
        merchant_name,
        opt_class_code,
        opt_class_name,
        fst_hand_pay_ord_usr_cnt,
        fst_hand_apply_ord_usr_cnt,
        apply_ord_usr_cnt,
        fst_hand_delivery_rate,
        pay_ord_sign_amt,
        pay_ord_num,
        avg_sign_amt,
        selfagentship_outbound_ord_num,
        selfship_outbound_ord_num,
        agentship_outbound_ord_num,
        selfship_outbound_ord_rate,
        agentship_outbound_ord_rate,
        rentfreereturn_pay_ord_num,
        rentfree_pay_ord_num,
        rentreturn_pay_ord_num,
        rentfree_pay_ord_rate,
        rentreturn_pay_ord_rate
    </sql>



    <select id="getMainClassInfo"  resultType="com.loverent.center.oneservice.api.dto.response.MerchantBussinessMainClassRespDto">
         SELECT  <include refid="Base_Column_List" />
           from mopt_mht_cate_td
           where 1=1
        <if test="merchantCode !=null">
            and merchant_code = #{merchantCode}
        </if>
        <if test="statStartDate !=null">
            and stat_start_date = #{statStartDate}
        </if>
        <if test="statEndDate !=null">
            and stat_end_date = #{statEndDate}
        </if>
    </select>



    <select id="isHasPhoneClass"  resultType="java.lang.Long">
        SELECT  count(1) as isHasPhoneClass
        from mopt_mht_cate_td
        where opt_class_code in ('newApple','newAndroid','oldApple','oldAndroid')
              and selfagentship_outbound_ord_num > 0
        <if test="merchantCode !=null">
            and merchant_code = #{merchantCode}
        </if>
        <if test="statStartDate !=null">
            and stat_start_date = #{statStartDate}
        </if>
        <if test="statEndDate !=null">
            and stat_end_date = #{statEndDate}
        </if>
    </select>



    <select id="getNewDeliveryRate"  resultType="com.loverent.center.oneservice.api.dto.response.MerchantRateRespDto">
        SELECT  merchant_code,fst_hand_delivery_rate
        from mopt_mht_cate_td
        where opt_class_code='99999'
        <if test="merchantCode !=null">
            and merchant_code = #{merchantCode}
        </if>
        and  stat_date = (select max(stat_date)
        from mopt_mht_cate_td
        where 1=1
        <if test="merchantCode !=null">
            and merchant_code = #{merchantCode}
        </if>
        )
    </select>


    <!-- 获取店铺店铺最大统计时间-->
    <select id="getStatTime" resultType="java.lang.String">
        SELECT  max(stat_date) mopt_mht_cate_td
        from mopt_mht_td
        where 1=1
        <if test="merchantCode !=null">
            and merchant_code = #{merchantCode}
        </if>
    </select>



    <select id="getMainClassOrdRate"  resultType="com.loverent.center.oneservice.api.dto.response.MerchantBussinessMainRateRespDto">
        SELECT  if(selfship_outbound_ord_rate is null ,0.00,selfship_outbound_ord_rate) as selfship_outbound_ord_rate
        ,if(agentship_outbound_ord_rate is null ,0.00,agentship_outbound_ord_rate) as agentship_outbound_ord_rate

        from mopt_mht_cate_td
        where opt_class_code=99999
        <if test="merchantCode !=null">
            and merchant_code = #{merchantCode}
        </if>
        <if test="statStartDate !=null">
            and stat_start_date = #{statStartDate}
        </if>
        <if test="statEndDate !=null">
            and stat_end_date = #{statEndDate}
        </if>
         limit 1
    </select>




    <select id="getRentRateByClassName"  resultType="com.loverent.center.oneservice.api.dto.response.MerchantBussinessClassRespDto">
        SELECT opt_class_code,opt_class_name
               ,if(rentfree_pay_ord_rate is null,0.00,rentfree_pay_ord_rate ) as rentfree_pay_ord_rate
               ,if(rentreturn_pay_ord_rate is null,0.00,rentreturn_pay_ord_rate ) as rentreturn_pay_ord_rate
        from mopt_mht_cate_td
        where 1=1
        <if test="merchantCode !=null">
            and merchant_code = #{merchantCode}
        </if>
        <if test="statStartDate !=null">
            and stat_start_date = #{statStartDate}
        </if>
        <if test="statEndDate !=null">
            and stat_end_date = #{statEndDate}
        </if>
        <if test="optClassCode !=null and optClassCode !=''">
            and opt_class_code = #{optClassCode}
        </if>
        <if test="optClassName !=null">
            and opt_class_name = #{optClassName}
        </if>
        limit 1
    </select>




    <select id="getOptClass"  resultType="com.loverent.center.oneservice.api.dto.response.OptClassRespDto">
        SELECT  opt_class_code,opt_class_name
        from mopt_mht_cate_td
        where (opt_class_code != '99999' or opt_class_code is null)
        <if test="merchantCode !=null">
            and merchant_code = #{merchantCode}
        </if>
        <if test="statStartDate !=null">
            and stat_start_date = #{statStartDate}
        </if>
        <if test="statEndDate !=null">
            and stat_end_date = #{statEndDate}
        </if>
         order by pay_ord_num desc
    </select>



</mapper>
