<?xml version="1.0" encoding="UTF-8"?>
<!DOCTYPE mapper PUBLIC "-//mybatis.org//DTD Mapper 3.0//EN"
        "http://mybatis.org/dtd/mybatis-3-mapper.dtd">

<mapper namespace="com.loverent.center.oneservice.biz.dao.mapper.MoptApplyModelTop10CateDaMapper">

    <sql id="Base_Column_List">
        id,
        stat_date,
        stat_period,
        stat_start_date,
        stat_end_date,
        opt_class_code,
        opt_class_name,
        materiel_model_id,
        materiel_model_name,
        apply_ord_num,
        apply_ord_rank
    </sql>


    <!-- 获取平台指标-->
    <select id="getTop10Total"  resultType="com.loverent.center.oneservice.api.dto.response.MerchantBussinessModelRespDto">
         SELECT  <include refid="Base_Column_List" />
           from mopt_apply_model_top10_cate_da
           where 1=1
        <if test="statStartDate !=null">
            and stat_start_date = #{statStartDate}
        </if>
        <if test="statEndDate !=null">
            and stat_end_date = #{statEndDate}
        </if>
        <if test="optClassCode !=null and optClassCode !=''">
            and opt_class_code = #{optClassCode}
        </if>
        <if test="optClassName !=null">
            and opt_class_name = #{optClassName}
        </if>
      order by apply_ord_rank
    </select>



</mapper>
