<?xml version="1.0" encoding="UTF-8"?>
<!DOCTYPE mapper PUBLIC "-//mybatis.org//DTD Mapper 3.0//EN"
        "http://mybatis.org/dtd/mybatis-3-mapper.dtd">

<mapper namespace="com.loverent.center.oneservice.biz.dao.mapper.MoptOutboundModelTop10MhtDaMapper">

    <sql id="Base_Column_List">
        id ,
        stat_date,
        stat_period,
        stat_start_date,
        stat_end_date,
        merchant_code,
        merchant_name,
        materiel_model_id,
        materiel_model_name,
        outbound_ord_num,
        outbound_ord_rank
    </sql>


    <!-- 获取店铺指标-->
    <select id="getTop10ByMerchant"  resultType="com.loverent.center.oneservice.api.dto.response.MerchantBussinessMainModelRespDto">
         SELECT  <include refid="Base_Column_List" />
           from mopt_outbound_model_top10_mht_da
           where 1=1
        <if test="merchantCode !=null">
            and merchant_code = #{merchantCode}
        </if>
        <if test="statStartDate !=null">
            and stat_start_date = #{statStartDate}
        </if>
        <if test="statEndDate !=null">
            and stat_end_date = #{statEndDate}
        </if>
       order by outbound_ord_rank asc
    </select>



</mapper>
