<?xml version="1.0" encoding="UTF-8"?>
<!DOCTYPE mapper PUBLIC "-//mybatis.org//DTD Mapper 3.0//EN"
        "http://mybatis.org/dtd/mybatis-3-mapper.dtd">

<mapper namespace="com.loverent.center.oneservice.biz.dao.mapper.MoptUsrRiskMhtTdMapper">

    <sql id="Base_Column_List">
        id,
        stat_date,
        stat_period,
        stat_start_date,
        stat_end_date,
        merchant_code,
        merchant_name,
        user_risk_code,
        fst_hand_pay_ord_usr_cnt,
        fst_hand_apply_ord_usr_cnt,
        apply_ord_usr_cnt,
        fst_hand_delivery_rate,
        pay_ord_sign_amt,
        apply_ord_num,
        pay_ord_num,
        avg_sign_amt,
        risk_apply_ord_num,
        risk_apply_ord_rate,
        pre_payment_amt,
        pre_payment_periods,
        risk_pre_payment_periods
    </sql>


    <!-- 获取店铺指标-->
    <select id="getRiskRate"  resultType="com.loverent.center.oneservice.api.dto.response.MerchantBussinessMainRiskRespDto">
         SELECT user_risk_code as userRiskCode
              , if(risk_pre_payment_periods is null,0.0,risk_pre_payment_periods) as prePaymentPeriods
              , fst_hand_delivery_rate as riskFstHandDeliveryRate
              , avg_sign_amt as riskAvgSignAmt
              , risk_apply_ord_rate as riskApplyOrdRate
           from mopt_usr_risk_mht_td
        where 1=1
        <if test="merchantCode !=null">
            and merchant_code = #{merchantCode}
        </if>
        <if test="statStartDate !=null">
            and stat_start_date = #{statStartDate}
        </if>
        <if test="statEndDate !=null">
            and stat_end_date = #{statEndDate}
        </if>
        order by user_risk_code
    </select>



</mapper>
